T,RGRFx,RGRFy,RGRFz,RGRTx,RGRTy,RGRTz,LGRFx,LGRFy,LGRFz,LGRTx,LGRTy,LGRTz
0,-0,0,-0,0,0,-0,-0,0,-0,0,0,-0
0.02,0,0,0,-0,-0,0,-0,0,-0,-0,0,0
0.04,0,0,0,-0,-0,0,-0,0,-0,-0,0,0
0.06,0,0,0,-0,-0,0,-0,0,-0,-0,0,0
0.08,0,0,0,-0,-0,0,-0,0,-0,-0,0,0
0.1,0,0,0,-0,-0,0,-0,0,-0,-0,0,0
0.12,0,0,0,-0,-0,0,0,0,0,-0,-0,0
0.14,0,0,0,-0,-0,0,0,0,0,-0,-0,0
0.16,0,0,0,-0,-0,0,0,0,0,-0,-0,0
0.18,0,0,0,-0,-0,0,0,0,0,-0,-0,0
0.2,0,0,0,-0,-0,0,0,0,0,-0,-0,0
0.22,0,0,0,-0,-0,0,0,0,0,-0,-0,0
0.24,0,0,0,-0,-0,0,0,0,0,-0,-0,0
0.26,0,0,0,-0,-0,0,0,0,0,-0,-0,0
0.28,0,0,0,-0,-0,0,0,0,0,-0,-0,0
0.3,-0,0,-0,0,0,-0,0,0,0,0,-0,-0
0.32,-0,0,-0,0,0,-0,0,0,0,0,-0,-0
0.34,-0,0,-0,0,0,-0,0,0,0,0,-0,-0
0.36,-0,0,-0,0,0,-0,0,0,0,0,-0,-0
0.38,-0,0,-0,0,0,-0,0,0,0,0,-0,-0
0.4,-0,0,-0,0,0,-0,-0,0,-0,0,0,-0
0.42,-0,0,-0,0,0,-0,-0,0,-0,0,0,-0
0.44,-0,0,-0,0,0,-0,-0,0,-0,0,0,-0
0.46,-0,0,-0,0,0,-0,-0,0,-0,0,0,-0
0.48,-0,0,-0,0,0,-0,-0,0,-0,0,0,-0
0.5,-0,0,-0,0,0,-0,-0,0,-0,0,0,-0
0.52,-0,0,-0,0,0,-0,-0,0,-0,0,0,-0
0.54,-0,0,-0,0,0,-0,-0,0,-0,0,0,-0
0.56,-0,0,-0,0,0,-0,-0,0,-0,0,0,-0
0.58,0,0,0,-0,-0,0,-0,0,-0,-0,0,0
0.6,0,0,0,-0,-0,0,-0,0,-0,-0,0,0
0.62,0,0,0,-0,-0,0,-0,0,-0,-0,0,0
0.64,0,0,0,-0,-0,0,-0,0,-0,-0,0,0
0.66,0,0,0,-0,-0,0,-0,0,-0,-0,0,0
0.68,0,0,0,-0,-0,0,0,0,0,-0,-0,0
0.7,0,0,0,-0,-0,0,0,0,0,-0,-0,0
0.72,0,0,0,-0,-0,0,0,0,0,-0,-0,0
0.74,0,0,0,-0,-0,0,0,0,0,-0,-0,0
0.76,0,0,0,-0,-0,0,0,0,0,-0,-0,0
0.78,0,0,0,-0,-0,0,0,0,0,-0,-0,0
0.8,0,0,0,-0,-0,0,0,0,0,-0,-0,0
0.82,0,0,0,-0,-0,0,0,0,0,-0,-0,0
0.84,0,0,0,-0,-0,0,0,0,0,-0,-0,0
0.86,-0,0,-0,0,0,-0,0,0,0,0,-0,-0
0.88,-0,0,-0,0,0,-0,0,0,0,0,-0,-0
0.9,-0,0,-0,0,0,-0,0,0,0,0,-0,-0
0.92,-0,0,-0,0,0,-0,0,0,0,0,-0,-0
0.94,-0,0,-0,0,0,-0,0,0,0,0,-0,-0
0.96,-0,0,-0,0,0,-0,-0,0,-0,0,0,-0
0.98,-0,0,-0,0,0,-0,-0,0,-0,0,0,-0
1,-0,0,-0,0,0,-0,-0,0,-0,0,0,-0
1.02,-0,0,-0,0,0,-0,-0,0,-0,0,0,-0
1.04,-0,0,-0,0,0,-0,-0,0,-0,0,0,-0
1.06,-0,0,-0,0,0,-0,-0,0,-0,0,0,-0
1.08,-0,0,-0,0,0,-0,-0,0,-0,0,0,-0
1.1,-0,0,-0,0,0,-0,-0,0,-0,0,0,-0
1.12,-0,0,-0,0,0,-0,-0,0,-0,0,0,-0
1.14,0,0,0,-0,-0,0,-0,0,-0,-0,0,0
1.16,0,0,0,-0,-0,0,-0,0,-0,-0,0,0
1.18,0,0,0,-0,-0,0,-0,0,-0,-0,0,0
1.2,0,0,0,-0,-0,0,-0,0,-0,-0,0,0
1.22,0,0,0,-0,-0,0,-0,0,-0,-0,0,0
1.24,0,0,0,-0,-0,0,0,0,0,-0,-0,0
1.26,0,0,0,-0,-0,0,0,0,0,-0,-0,0
1.28,0,0,0,-0,-0,0,0,0,0,-0,-0,0
1.3,0,0,0,-0,-0,0,0,0,0,-0,-0,0
1.32,0,0,0,-0,-0,0,0,0,0,-0,-0,0
1.34,0,0,0,-0,-0,0,0,0,0,-0,-0,0
1.36,0,0,0,-0,-0,0,0,0,0,-0,-0,0
1.38,0,0,0,-0,-0,0,0,0,0,-0,-0,0
1.4,0,0,0,-0,-0,0,0,0,0,-0,-0,0
1.42,-0,0,-0,0,0,-0,0,0,0,0,-0,-0
1.44,-0,0,-0,0,0,-0,0,0,0,0,-0,-0
1.46,-0,0,-0,0,0,-0,0,0,0,0,-0,-0
1.48,-0,0,-0,0,0,-0,0,0,0,0,-0,-0
1.5,-0,0,-0,0,0,-0,0,0,0,0,-0,-0
1.52,-0,0,-0,0,0,-0,-0,0,-0,0,0,-0
1.54,-0,0,-0,0,0,-0,-0,0,-0,0,0,-0
1.56,-0,0,-0,0,0,-0,-0,0,-0,0,0,-0
1.58,-0,0,-0,0,0,-0,-0,0,-0,0,0,-0
1.6,-0,0,-0,0,0,-0,-0,0,-0,0,0,-0
1.62,-0,0,-0,0,0,-0,-0,0,-0,0,0,-0
1.64,-0,0,-0,0,0,-0,-0,0,-0,0,0,-0
1.66,-0,0,-0,0,0,-0,-0,0,-0,0,0,-0
1.68,-0,0,-0,0,0,-0,-0,0,-0,0,0,-0
1.7,0,0,0,-0,-0,0,-0,0,-0,-0,0,0
1.72,0,0,0,-0,-0,0,-0,0,-0,-0,0,0
1.74,0,0,0,-0,-0,0,-0,0,-0,-0,0,0
1.76,0,0,0,-0,-0,0,-0,0,-0,-0,0,0
1.78,0,0,0,-0,-0,0,-0,0,-0,-0,0,0
1.8,0,0,0,-0,-0,0,0,0,0,-0,-0,0
1.82,0,0,0,-0,-0,0,0,0,0,-0,-0,0
1.84,0,0,0,-0,-0,0,0,0,0,-0,-0,0
1.86,0,0,0,-0,-0,0,0,0,0,-0,-0,0
1.88,0,0,0,-0,-0,0,0,0,0,-0,-0,0
1.9,0,0,0,-0,-0,0,0,0,0,-0,-0,0
1.92,0,0,0,-0,-0,0,0,0,0,-0,-0,0
1.94,0,0,0,-0,-0,0,0,0,0,-0,-0,0
1.96,0,0,0,-0,-0,0,0,0,0,-0,-0,0
1.98,-0,0,-0,0,0,-0,0,0,0,0,-0,-0
2,-0,0,-0,0,0,-0,0,0,0,0,-0,-0
2.02,-0,0,-0,0,0,-0,0,0,0,0,-0,-0
2.04,-0,0,-0,0,0,-0,0,0,0,0,-0,-0
2.06,-0,0,-0,0,0,-0,0,0,0,0,-0,-0
2.08,-0,0,-0,0,0,-0,-0,0,-0,0,0,-0
2.1,-0,0,-0,0,0,-0,-0,0,-0,0,0,-0
2.12,-0,0,-0,0,0,-0,-0,0,-0,0,0,-0
2.14,-0,0,-0,0,0,-0,-0,0,-0,0,0,-0
2.16,-0,0,-0,0,0,-0,-0,0,-0,0,0,-0
2.18,-0,0,-0,0,0,-0,-0,0,-0,0,0,-0
2.2,-0,0,-0,0,0,-0,-0,0,-0,0,0,-0
2.22,-0,0,-0,0,0,-0,-0,0,-0,0,0,-0
2.24,0,0,0,-0,-0,0,-0,0,-0,-0,0,0
2.26,0,0,0,-0,-0,0,-0,0,-0,-0,0,0
2.28,0,0,0,-0,-0,0,-0,0,-0,-0,0,0
2.3,0,0,0,-0,-0,0,-0,0,-0,-0,0,0
2.32,0,0,0,-0,-0,0,-0,0,-0,-0,0,0
2.34,0,0,0,-0,-0,0,-0,0,-0,-0,0,0
2.36,0,0,0,-0,-0,0,0,0,0,-0,-0,0
2.38,0,0,0,-0,-0,0,0,0,0,-0,-0,0
2.4,0,0,0,-0,-0,0,0,0,0,-0,-0,0
2.42,0,0,0,-0,-0,0,0,0,0,-0,-0,0
2.44,0,0,0,-0,-0,0,0,0,0,-0,-0,0
2.46,0,0,0,-0,-0,0,0,0,0,-0,-0,0
2.48,0,0,0,-0,-0,0,0,0,0,-0,-0,0
2.5,0,0,0,-0,-0,0,0,0,0,-0,-0,0
2.52,-0,0,-0,0,0,-0,0,0,0,0,-0,-0
2.54,-0,0,-0,0,0,-0,0,0,0,0,-0,-0
2.56,-0,0,-0,0,0,-0,0,0,0,0,-0,-0
2.58,-0,0,-0,0,0,-0,0,0,0,0,-0,-0
2.6,-0,0,-0,0,0,-0,0,0,0,0,-0,-0
2.62,-0,0,-0,0,0,-0,-0,0,-0,0,0,-0
2.64,-0,0,-0,0,0,-0,-0,0,-0,0,0,-0
2.66,-0,0,-0,0,0,-0,-0,0,-0,0,0,-0
2.68,-0,0,-0,0,0,-0,-0,0,-0,0,0,-0
2.7,-0,0,-0,0,0,-0,-0,0,-0,0,0,-0
2.72,-0,0,-0,0,0,-0,-0,0,-0,0,0,-0
2.74,-0,0,-0,0,0,-0,-0,0,-0,0,0,-0
2.76,-0,0,-0,0,0,-0,-0,0,-0,0,0,-0
2.78,-0,0,-0,0,0,-0,-0,0,-0,0,0,-0
2.8,0,0,0,-0,-0,0,-0,0,-0,-0,0,0
2.82,0,0,0,-0,-0,0,-0,0,-0,-0,0,0
2.84,0,0,0,-0,-0,0,-0,0,-0,-0,0,0
2.86,0,0,0,-0,-0,0,-0,0,-0,-0,0,0
2.88,0,0,0,-0,-0,0,-0,0,-0,-0,0,0
2.9,0,0,0,-0,-0,0,0,0,0,-0,-0,0
2.92,0,0,0,-0,-0,0,0,0,0,-0,-0,0
2.94,0,0,0,-0,-0,0,0,0,0,-0,-0,0
2.96,0,0,0,-0,-0,0,0,0,0,-0,-0,0
2.98,0,0,0,-0,-0,0,0,0,0,-0,-0,0
3,0,0,0,-0,-0,0,0,0,0,-0,-0,0
3.02,0,0,0,-0,-0,0,0,0,0,-0,-0,0
3.04,0,0,0,-0,-0,0,0,0,0,-0,-0,0
3.06,0,0,0,-0,-0,0,0,0,0,-0,-0,0
3.08,-0,0,-0,0,0,-0,0,0,0,0,-0,-0
3.1,-0,0,-0,0,0,-0,0,0,0,0,-0,-0
3.12,-0,0,-0,0,0,-0,0,0,0,0,-0,-0
3.14,-0,0,-0,0,0,-0,0,0,0,0,-0,-0
3.16,-0,0,-0,0,0,-0,0,0,0,0,-0,-0
3.18,-0,0,-0,0,0,-0,-0,0,-0,0,0,-0
3.2,-0,0,-0,0,0,-0,-0,0,-0,0,0,-0
3.22,-0,0,-0,0,0,-0,-0,0,-0,0,0,-0
3.24,-0,0,-0,0,0,-0,-0,0,-0,0,0,-0
3.26,-0,0,-0,0,0,-0,-0,0,-0,0,0,-0
3.28,-0,0,-0,0,0,-0,-0,0,-0,0,0,-0
3.3,-0,0,-0,0,0,-0,-0,0,-0,0,0,-0
3.32,-0,0,-0,0,0,-0,-0,0,-0,0,0,-0
3.34,-0,0,-0,0,0,-0,-0,0,-0,0,0,-0
3.36,0,0,0,-0,-0,0,-0,0,-0,-0,0,0
3.38,0,0,0,-0,-0,0,-0,0,-0,-0,0,0
3.4,0,0,0,-0,-0,0,-0,0,-0,-0,0,0
3.42,0,0,0,-0,-0,0,-0,0,-0,-0,0,0
3.44,0,0,0,-0,-0,0,-0,0,-0,-0,0,0
3.46,0,0,0,-0,-0,0,0,0,0,-0,-0,0
3.48,0,0,0,-0,-0,0,0,0,0,-0,-0,0
3.5,0,0,0,-0,-0,0,0,0,0,-0,-0,0
3.52,0,0,0,-0,-0,0,0,0,0,-0,-0,0
3.54,0,0,0,-0,-0,0,0,0,0,-0,-0,0
3.56,0,0,0,-0,-0,0,0,0,0,-0,-0,0
3.58,0,0,0,-0,-0,0,0,0,0,-0,-0,0
3.6,0,0,0,-0,-0,0,0,0,0,-0,-0,0
3.62,0,0,0,-0,-0,0,0,0,0,-0,-0,0
3.64,-0,0,-0,0,0,-0,0,0,0,0,-0,-0
3.66,-0,0,-0,0,0,-0,0,0,0,0,-0,-0
3.68,-0,0,-0,0,0,-0,0,0,0,0,-0,-0
3.7,-0,0,-0,0,0,-0,0,0,0,0,-0,-0
3.72,-0,0,-0,0,0,-0,0,0,0,0,-0,-0
3.74,-0,0,-0,0,0,-0,-0,0,-0,0,0,-0
3.76,-0,0,-0,0,0,-0,-0,0,-0,0,0,-0
3.78,-0,0,-0,0,0,-0,-0,0,-0,0,0,-0
3.8,-0,0,-0,0,0,-0,-0,0,-0,0,0,-0
3.82,-0,0,-0,0,0,-0,-0,0,-0,0,0,-0
3.84,-0,0,-0,0,0,-0,-0,0,-0,0,0,-0
3.86,-0,0,-0,0,0,-0,-0,0,-0,0,0,-0
3.88,-0,0,-0,0,0,-0,-0,0,-0,0,0,-0
3.9,-0,0,-0,0,0,-0,-0,0,-0,0,0,-0
3.92,0,0,0,-0,-0,0,-0,0,-0,-0,0,0
3.94,0,0,0,-0,-0,0,-0,0,-0,-0,0,0
3.96,0,0,0,-0,-0,0,-0,0,-0,-0,0,0
3.98,0,0,0,-0,-0,0,-0,0,-0,-0,0,0
4,0,0,0,-0,-0,0,-0,0,-0,-0,0,0
4.02,0,0,0,-0,-0,0,0,0,0,-0,-0,0
4.04,0,0,0,-0,-0,0,0,0,0,-0,-0,0
4.06,0,0,0,-0,-0,0,0,0,0,-0,-0,0
4.08,0,0,0,-0,-0,0,0,0,0,-0,-0,0
4.1,0,0,0,-0,-0,0,0,0,0,-0,-0,0
4.12,0,0,0,-0,-0,0,0,0,0,-0,-0,0
4.14,0,0,0,-0,-0,0,0,0,0,-0,-0,0
4.16,0,0,0,-0,-0,0,0,0,0,-0,-0,0
4.18,0,0,0,-0,-0,0,0,0,0,-0,-0,0
4.2,-0,0,-0,0,0,-0,0,0,0,0,-0,-0
4.22,-0,0,-0,0,0,-0,0,0,0,0,-0,-0
4.24,-0,0,-0,0,0,-0,0,0,0,0,-0,-0
4.26,-0,0,-0,0,0,-0,0,0,0,0,-0,-0
4.28,-0,0,-0,0,0,-0,0,0,0,0,-0,-0
4.3,-0,0,-0,0,0,-0,-0,0,-0,0,0,-0
4.32,-0,0,-0,0,0,-0,-0,0,-0,0,0,-0
4.34,-0,0,-0,0,0,-0,-0,0,-0,0,0,-0
4.36,-0,0,-0,0,0,-0,-0,0,-0,0,0,-0
4.38,-0,0,-0,0,0,-0,-0,0,-0,0,0,-0
4.4,-0,0,-0,0,0,-0,-0,0,-0,0,0,-0
4.42,-0,0,-0,0,0,-0,-0,0,-0,0,0,-0
4.44,-0,0,-0,0,0,-0,-0,0,-0,0,0,-0
4.46,-0,0,-0,0,0,-0,-0,0,-0,0,0,-0
4.48,0,0,0,-0,-0,0,-0,0,-0,-0,0,0
4.5,0,0,0,-0,-0,0,-0,0,-0,-0,0,0
4.52,0,0,0,-0,-0,0,-0,0,-0,-0,0,0
4.54,0,0,0,-0,-0,0,-0,0,-0,-0,0,0
4.56,0,0,0,-0,-0,0,-0,0,-0,-0,0,0
4.58,0,0,0,-0,-0,0,0,0,0,-0,-0,0
4.6,0,0,0,-0,-0,0,0,0,0,-0,-0,0
4.62,0,0,0,-0,-0,0,0,0,0,-0,-0,0
4.64,0,0,0,-0,-0,0,0,0,0,-0,-0,0
4.66,0,0,0,-0,-0,0,0,0,0,-0,-0,0
4.68,0,0,0,-0,-0,0,0,0,0,-0,-0,0
4.7,0,0,0,-0,-0,0,0,0,0,-0,-0,0
4.72,0,0,0,-0,-0,0,0,0,0,-0,-0,0
4.74,0,0,0,-0,-0,0,0,0,0,-0,-0,0
4.76,-0,0,-0,0,0,-0,0,0,0,0,-0,-0
4.78,-0,0,-0,0,0,-0,0,0,0,0,-0,-0
4.8,-0,0,-0,0,0,-0,0,0,0,0,-0,-0
4.82,-0,0,-0,0,0,-0,0,0,0,0,-0,-0
4.84,-0,0,-0,0,0,-0,0,0,0,0,-0,-0
4.86,-0,0,-0,0,0,-0,-0,0,-0,0,0,-0
4.88,-0,0,-0,0,0,-0,-0,0,-0,0,0,-0
4.9,-0,0,-0,0,0,-0,-0,0,-0,0,0,-0
4.92,-0,0,-0,0,0,-0,-0,0,-0,0,0,-0
4.94,-0,0,-0,0,0,-0,-0,0,-0,0,0,-0
4.96,-0,0,-0,0,0,-0,-0,0,-0,0,0,-0
4.98,-0,0,-0,0,0,-0,-0,0,-0,0,0,-0
5,-0,0,-0,0,0,-0,-0,0,-0,0,0,-0
5.02,-0,0,-0,0,0,-0,-0,0,-0,0,0,-0
5.04,0,0,0,-0,-0,0,-0,0,-0,-0,0,0
5.06,0,0,0,-0,-0,0,-0,0,-0,-0,0,0
5.08,0,0,0,-0,-0,0,-0,0,-0,-0,0,0
5.1,0,0,0,-0,-0,0,-0,0,-0,-0,0,0
5.12,0,0,0,-0,-0,0,-0,0,-0,-0,0,0
5.14,0,0,0,-0,-0,0,0,0,0,-0,-0,0
5.16,0,0,0,-0,-0,0,0,0,0,-0,-0,0
5.18,0,0,0,-0,-0,0,0,0,0,-0,-0,0
5.2,0,0,0,-0,-0,0,0,0,0,-0,-0,0
5.22,0,0,0,-0,-0,0,0,0,0,-0,-0,0
5.24,0,0,0,-0,-0,0,0,0,0,-0,-0,0
5.26,0,0,0,-0,-0,0,0,0,0,-0,-0,0
5.28,0,0,0,-0,-0,0,0,0,0,-0,-0,0
5.3,-0,0,-0,0,0,-0,0,0,0,0,-0,-0
5.32,-0,0,-0,0,0,-0,0,0,0,0,-0,-0
5.34,-0,0,-0,0,0,-0,0,0,0,0,-0,-0
5.36,-0,0,-0,0,0,-0,0,0,0,0,-0,-0
5.38,-0,0,-0,0,0,-0,0,0,0,0,-0,-0
5.4,-0,0,-0,0,0,-0,0,0,0,0,-0,-0
5.42,-0,0,-0,0,0,-0,-0,0,-0,0,0,-0
5.44,-0,0,-0,0,0,-0,-0,0,-0,0,0,-0
5.46,-0,0,-0,0,0,-0,-0,0,-0,0,0,-0
5.48,-0,0,-0,0,0,-0,-0,0,-0,0,0,-0
5.5,-0,0,-0,0,0,-0,-0,0,-0,0,0,-0
5.52,-0,0,-0,0,0,-0,-0,0,-0,0,0,-0
5.54,-0,0,-0,0,0,-0,-0,0,-0,0,0,-0
5.56,-0,0,-0,0,0,-0,-0,0,-0,0,0,-0
5.58,0,0,0,-0,-0,0,-0,0,-0,-0,0,0
5.6,0,0,0,-0,-0,0,-0,0,-0,-0,0,0
5.62,0,0,0,-0,-0,0,-0,0,-0,-0,0,0
5.64,0,0,0,-0,-0,0,-0,0,-0,-0,0,0
5.66,0,0,0,-0,-0,0,-0,0,-0,-0,0,0
5.68,0,0,0,-0,-0,0,0,0,0,-0,-0,0
5.7,0,0,0,-0,-0,0,0,0,0,-0,-0,0
5.72,0,0,0,-0,-0,0,0,0,0,-0,-0,0
5.74,0,0,0,-0,-0,0,0,0,0,-0,-0,0
5.76,0,0,0,-0,-0,0,0,0,0,-0,-0,0
5.78,0,0,0,-0,-0,0,0,0,0,-0,-0,0
5.8,0,0,0,-0,-0,0,0,0,0,-0,-0,0
5.82,0,0,0,-0,-0,0,0,0,0,-0,-0,0
5.84,0,0,0,-0,-0,0,0,0,0,-0,-0,0
5.86,-0,0,-0,0,0,-0,0,0,0,0,-0,-0
5.88,-0,0,-0,0,0,-0,0,0,0,0,-0,-0
5.9,-0,0,-0,0,0,-0,0,0,0,0,-0,-0
5.92,-0,0,-0,0,0,-0,0,0,0,0,-0,-0
5.94,-0,0,-0,0,0,-0,0,0,0,0,-0,-0
5.96,-0,0,-0,0,0,-0,-0,0,-0,0,0,-0
5.98,-0,0,-0,0,0,-0,-0,0,-0,0,0,-0
6,-0,0,-0,0,0,-0,-0,0,-0,0,0,-0
6.02,-0,0,-0,0,0,-0,-0,0,-0,0,0,-0
6.04,-0,0,-0,0,0,-0,-0,0,-0,0,0,-0
6.06,-0,0,-0,0,0,-0,-0,0,-0,0,0,-0
6.08,-0,0,-0,0,0,-0,-0,0,-0,0,0,-0
6.1,-0,0,-0,0,0,-0,-0,0,-0,0,0,-0
6.12,-0,0,-0,0,0,-0,-0,0,-0,0,0,-0
6.14,0,0,0,-0,-0,0,-0,0,-0,-0,0,0
6.16,0,0,0,-0,-0,0,-0,0,-0,-0,0,0
6.18,0,0,0,-0,-0,0,-0,0,-0,-0,0,0
6.2,0,0,0,-0,-0,0,-0,0,-0,-0,0,0
6.22,0,0,0,-0,-0,0,-0,0,-0,-0,0,0
6.24,0,0,0,-0,-0,0,0,0,0,-0,-0,0
6.26,0,0,0,-0,-0,0,0,0,0,-0,-0,0
6.28,0,0,0,-0,-0,0,0,0,0,-0,-0,0
6.3,0,0,0,-0,-0,0,0,0,0,-0,-0,0
6.32,0,0,0,-0,-0,0,0,0,0,-0,-0,0
6.34,0,0,0,-0,-0,0,0,0,0,-0,-0,0
6.36,0,0,0,-0,-0,0,0,0,0,-0,-0,0
6.38,0,0,0,-0,-0,0,0,0,0,-0,-0,0
6.4,0,0,0,-0,-0,0,0,0,0,-0,-0,0
6.42,-0,0,-0,0,0,-0,0,0,0,0,-0,-0
6.44,-0,0,-0,0,0,-0,0,0,0,0,-0,-0
6.46,-0,0,-0,0,0,-0,0,0,0,0,-0,-0
6.48,-0,0,-0,0,0,-0,0,0,0,0,-0,-0
6.5,-0,0,-0,0,0,-0,0,0,0,0,-0,-0
6.52,-0,0,-0,0,0,-0,-0,0,-0,0,0,-0
6.54,-0,0,-0,0,0,-0,-0,0,-0,0,0,-0
6.56,-0,0,-0,0,0,-0,-0,0,-0,0,0,-0
6.58,-0,0,-0,0,0,-0,-0,0,-0,0,0,-0
6.6,-0,0,-0,0,0,-0,-0,0,-0,0,0,-0
6.62,-0,0,-0,0,0,-0,-0,0,-0,0,0,-0
6.64,-0,0,-0,0,0,-0,-0,0,-0,0,0,-0
6.66,-0,0,-0,0,0,-0,-0,0,-0,0,0,-0
6.68,-0,0,-0,0,0,-0,-0,0,-0,0,0,-0
6.7,0,0,0,-0,-0,0,-0,0,-0,-0,0,0
6.72,0,0,0,-0,-0,0,-0,0,-0,-0,0,0
6.74,0,0,0,-0,-0,0,-0,0,-0,-0,0,0
6.76,0,0,0,-0,-0,0,-0,0,-0,-0,0,0
6.78,0,0,0,-0,-0,0,-0,0,-0,-0,0,0
6.8,0,0,0,-0,-0,0,0,0,0,-0,-0,0
6.82,0,0,0,-0,-0,0,0,0,0,-0,-0,0
6.84,0,0,0,-0,-0,0,0,0,0,-0,-0,0
6.86,0,0,0,-0,-0,0,0,0,0,-0,-0,0
6.88,0,0,0,-0,-0,0,0,0,0,-0,-0,0
6.9,0,0,0,-0,-0,0,0,0,0,-0,-0,0
6.92,0,0,0,-0,-0,0,0,0,0,-0,-0,0
6.94,0,0,0,-0,-0,0,0,0,0,-0,-0,0
6.96,0,0,0,-0,-0,0,0,0,0,-0,-0,0
6.98,-0,0,-0,0,0,-0,0,0,0,0,-0,-0
7,-0,0,-0,0,0,-0,0,0,0,0,-0,-0
7.02,-0,0,-0,0,0,-0,0,0,0,0,-0,-0
7.04,-0,0,-0,0,0,-0,0,0,0,0,-0,-0
7.06,-0,0,-0,0,0,-0,0,0,0,0,-0,-0
7.08,-0,0,-0,0,0,-0,-0,0,-0,0,0,-0
7.1,-0,0,-0,0,0,-0,-0,0,-0,0,0,-0
7.12,-0,0,-0,0,0,-0,-0,0,-0,0,0,-0
7.14,-0,0,-0,0,0,-0,-0,0,-0,0,0,-0
7.16,-0,0,-0,0,0,-0,-0,0,-0,0,0,-0
7.18,-0,0,-0,0,0,-0,-0,0,-0,0,0,-0
7.2,-0,0,-0,0,0,-0,-0,0,-0,0,0,-0
7.22,-0,0,-0,0,0,-0,-0,0,-0,0,0,-0
7.24,-0,0,-0,0,0,-0,-0,0,-0,0,0,-0
7.26,0,0,0,-0,-0,0,-0,0,-0,-0,0,0
7.28,0,0,0,-0,-0,0,-0,0,-0,-0,0,0
7.3,0,0,0,-0,-0,0,-0,0,-0,-0,0,0
7.32,0,0,0,-0,-0,0,-0,0,-0,-0,0,0
7.34,0,0,0,-0,-0,0,-0,0,-0,-0,0,0
7.36,0,0,0,-0,-0,0,0,0,0,-0,-0,0
7.38,0,0,0,-0,-0,0,0,0,0,-0,-0,0
7.4,0,0,0,-0,-0,0,0,0,0,-0,-0,0
7.42,0,0,0,-0,-0,0,0,0,0,-0,-0,0
7.44,0,0,0,-0,-0,0,0,0,0,-0,-0,0
7.46,0,0,0,-0,-0,0,0,0,0,-0,-0,0
7.48,0,0,0,-0,-0,0,0,0,0,-0,-0,0
7.5,0,0,0,-0,-0,0,0,0,0,-0,-0,0
7.52,0,0,0,-0,-0,0,0,0,0,-0,-0,0
7.54,-0,0,-0,0,0,-0,0,0,0,0,-0,-0
7.56,-0,0,-0,0,0,-0,0,0,0,0,-0,-0
7.58,-0,0,-0,0,0,-0,0,0,0,0,-0,-0
7.6,-0,0,-0,0,0,-0,0,0,0,0,-0,-0
7.62,-0,0,-0,0,0,-0,0,0,0,0,-0,-0
7.64,-0,0,-0,0,0,-0,-0,0,-0,0,0,-0
7.66,-0,0,-0,0,0,-0,-0,0,-0,0,0,-0
7.68,-0,0,-0,0,0,-0,-0,0,-0,0,0,-0
7.7,-0,0,-0,0,0,-0,-0,0,-0,0,0,-0
7.72,-0,0,-0,0,0,-0,-0,0,-0,0,0,-0
7.74,-0,0,-0,0,0,-0,-0,0,-0,0,0,-0
7.76,-0,0,-0,0,0,-0,-0,0,-0,0,0,-0
7.78,-0,0,-0,0,0,-0,-0,0,-0,0,0,-0
7.8,-0,0,-0,0,0,-0,-0,0,-0,0,0,-0
7.82,0,0,0,-0,-0,0,-0,0,-0,-0,0,0
7.84,0,0,0,-0,-0,0,-0,0,-0,-0,0,0
7.86,0,0,0,-0,-0,0,-0,0,-0,-0,0,0
7.88,0,0,0,-0,-0,0,-0,0,-0,-0,0,0
7.9,0,0,0,-0,-0,0,-0,0,-0,-0,0,0
7.92,0,0,0,-0,-0,0,0,0,0,-0,-0,0
7.94,0,0,0,-0,-0,0,0,0,0,-0,-0,0
7.96,0,0,0,-0,-0,0,0,0,0,-0,-0,0
7.98,0,0,0,-0,-0,0,0,0,0,-0,-0,0
8,0,0,0,-0,-0,0,0,0,0,-0,-0,0
8.02,0,0,0,-0,-0,0,0,0,0,-0,-0,0
8.04,0,0,0,-0,-0,0,0,0,0,-0,-0,0
8.06,0,0,0,-0,-0,0,0,0,0,-0,-0,0
8.08,0,0,0,-0,-0,0,0,0,0,-0,-0,0
8.1,-0,0,-0,0,0,-0,0,0,0,0,-0,-0
8.12,-0,0,-0,0,0,-0,0,0,0,0,-0,-0
8.14,-0,0,-0,0,0,-0,0,0,0,0,-0,-0
8.16,-0,0,-0,0,0,-0,0,0,0,0,-0,-0
8.18,-0,0,-0,0,0,-0,0,0,0,0,-0,-0
8.2,-0,0,-0,0,0,-0,-0,0,-0,0,0,-0
8.22,-0,0,-0,0,0,-0,-0,0,-0,0,0,-0
8.24,-0,0,-0,0,0,-0,-0,0,-0,0,0,-0
8.26,-0,0,-0,0,0,-0,-0,0,-0,0,0,-0
8.28,-0,0,-0,0,0,-0,-0,0,-0,0,0,-0
8.3,-0,0,-0,0,0,-0,-0,0,-0,0,0,-0
8.32,-0,0,-0,0,0,-0,-0,0,-0,0,0,-0
8.34,-0,0,-0,0,0,-0,-0,0,-0,0,0,-0
8.36,0,0,0,-0,-0,0,-0,0,-0,-0,0,0
8.38,0,0,0,-0,-0,0,-0,0,-0,-0,0,0
8.4,0,0,0,-0,-0,0,-0,0,-0,-0,0,0
8.42,0,0,0,-0,-0,0,-0,0,-0,-0,0,0
8.44,0,0,0,-0,-0,0,-0,0,-0,-0,0,0
8.46,0,0,0,-0,-0,0,-0,0,-0,-0,0,0
8.48,0,0,0,-0,-0,0,0,0,0,-0,-0,0
8.5,0,0,0,-0,-0,0,0,0,0,-0,-0,0
8.52,0,0,0,-0,-0,0,0,0,0,-0,-0,0
8.54,0,0,0,-0,-0,0,0,0,0,-0,-0,0
8.56,0,0,0,-0,-0,0,0,0,0,-0,-0,0
8.58,0,0,0,-0,-0,0,0,0,0,-0,-0,0
8.6,0,0,0,-0,-0,0,0,0,0,-0,-0,0
8.62,0,0,0,-0,-0,0,0,0,0,-0,-0,0
8.64,-0,0,-0,0,0,-0,0,0,0,0,-0,-0
8.66,-0,0,-0,0,0,-0,0,0,0,0,-0,-0
8.68,-0,0,-0,0,0,-0,0,0,0,0,-0,-0
8.7,-0,0,-0,0,0,-0,0,0,0,0,-0,-0
8.72,-0,0,-0,0,0,-0,0,0,0,0,-0,-0
8.74,-0,0,-0,0,0,-0,0,0,0,0,-0,-0
8.76,-0,0,-0,0,0,-0,-0,0,-0,0,0,-0
8.78,-0,0,-0,0,0,-0,-0,0,-0,0,0,-0
8.8,-0,0,-0,0,0,-0,-0,0,-0,0,0,-0
8.82,-0,0,-0,0,0,-0,-0,0,-0,0,0,-0
8.84,-0,0,-0,0,0,-0,-0,0,-0,0,0,-0
8.86,-0,0,-0,0,0,-0,-0,0,-0,0,0,-0
8.88,-0,0,-0,0,0,-0,-0,0,-0,0,0,-0
8.9,-0,0,-0,0,0,-0,-0,0,-0,0,0,-0
8.92,0,0,0,-0,-0,0,-0,0,-0,-0,0,0
8.94,0,0,0,-0,-0,0,-0,0,-0,-0,0,0
8.96,0,0,0,-0,-0,0,-0,0,-0,-0,0,0
8.98,0,0,0,-0,-0,0,-0,0,-0,-0,0,0
9,0,0,0,-0,-0,0,-0,0,-0,-0,0,0
9.02,0,0,0,-0,-0,0,0,0,0,-0,-0,0
9.04,0,0,0,-0,-0,0,0,0,0,-0,-0,0
9.06,0,0,0,-0,-0,0,0,0,0,-0,-0,0
9.08,0,0,0,-0,-0,0,0,0,0,-0,-0,0
9.1,0,0,0,-0,-0,0,0,0,0,-0,-0,0
9.12,0,0,0,-0,-0,0,0,0,0,-0,-0,0
9.14,0,0,0,-0,-0,0,0,0,0,-0,-0,0
9.16,0,0,0,-0,-0,0,0,0,0,-0,-0,0
9.18,0,0,0,-0,-0,0,0,0,0,-0,-0,0
9.2,-0,0,-0,0,0,-0,0,0,0,0,-0,-0
9.22,-0,0,-0,0,0,-0,0,0,0,0,-0,-0
9.24,-0,0,-0,0,0,-0,0,0,0,0,-0,-0
9.26,-0,0,-0,0,0,-0,0,0,0,0,-0,-0
9.28,-0,0,-0,0,0,-0,0,0,0,0,-0,-0
9.3,-0,0,-0,0,0,-0,-0,0,-0,0,0,-0
9.32,-0,0,-0,0,0,-0,-0,0,-0,0,0,-0
9.34,-0,0,-0,0,0,-0,-0,0,-0,0,0,-0
9.36,-0,0,-0,0,0,-0,-0,0,-0,0,0,-0
9.38,-0,0,-0,0,0,-0,-0,0,-0,0,0,-0
9.4,-0,0,-0,0,0,-0,-0,0,-0,0,0,-0
9.42,-0,0,-0,0,0,-0,-0,0,-0,0,0,-0
9.44,-0,0,-0,0,0,-0,-0,0,-0,0,0,-0
9.46,-0,0,-0,0,0,-0,-0,0,-0,0,0,-0
9.48,0,0,0,-0,-0,0,-0,0,-0,-0,0,0
9.5,0,0,0,-0,-0,0,-0,0,-0,-0,0,0
9.52,0,0,0,-0,-0,0,-0,0,-0,-0,0,0
9.54,0,0,0,-0,-0,0,-0,0,-0,-0,0,0
9.56,0,0,0,-0,-0,0,-0,0,-0,-0,0,0
9.58,0,0,0,-0,-0,0,0,0,0,-0,-0,0
9.6,0,0,0,-0,-0,0,0,0,0,-0,-0,0
9.62,0,0,0,-0,-0,0,0,0,0,-0,-0,0
9.64,0,0,0,-0,-0,0,0,0,0,-0,-0,0
9.66,0,0,0,-0,-0,0,0,0,0,-0,-0,0
9.68,0,0,0,-0,-0,0,0,0,0,-0,-0,0
9.7,0,0,0,-0,-0,0,0,0,0,-0,-0,0
9.72,0,0,0,-0,-0,0,0,0,0,-0,-0,0
9.74,0,0,0,-0,-0,0,0,0,0,-0,-0,0
9.76,-0,0,-0,0,0,-0,0,0,0,0,-0,-0
9.78,-0,0,-0,0,0,-0,0,0,0,0,-0,-0
9.8,-0,0,-0,0,0,-0,0,0,0,0,-0,-0
9.82,-0,0,-0,0,0,-0,0,0,0,0,-0,-0
9.84,-0,0,-0,0,0,-0,0,0,0,0,-0,-0
9.86,-0,0,-0,0,0,-0,-0,0,-0,0,0,-0
9.88,-0,0,-0,0,0,-0,-0,0,-0,0,0,-0
9.9,-0,0,-0,0,0,-0,-0,0,-0,0,0,-0
9.92,-0,0,-0,0,0,-0,-0,0,-0,0,0,-0
9.94,-0,0,-0,0,0,-0,-0,0,-0,0,0,-0
9.96,-0,0,-0,0,0,-0,-0,0,-0,0,0,-0
9.98,-0,0,-0,0,0,-0,-0,0,-0,0,0,-0
10,-0,0,-0,0,0,-0,-0,0,-0,0,0,-0
10.02,-0,0,-0,0,0,-0,-0,0,-0,0,0,-0
10.04,0,0,0,-0,-0,0,-0,0,-0,-0,0,0
10.06,0,0,0,-0,-0,0,-0,0,-0,-0,0,0
10.08,0,0,0,-0,-0,0,-0,0,-0,-0,0,0
10.1,0,0,0,-0,-0,0,-0,0,-0,-0,0,0
10.12,0,0,0,-0,-0,0,-0,0,-0,-0,0,0
10.14,0,0,0,-0,-0,0,0,0,0,-0,-0,0
10.16,0,0,0,-0,-0,0,0,0,0,-0,-0,0
10.18,0,0,0,-0,-0,0,0,0,0,-0,-0,0
10.2,0,0,0,-0,-0,0,0,0,0,-0,-0,0
10.22,0,0,0,-0,-0,0,0,0,0,-0,-0,0
10.24,0,0,0,-0,-0,0,0,0,0,-0,-0,0
10.26,0,0,0,-0,-0,0,0,0,0,-0,-0,0
10.28,0,0,0,-0,-0,0,0,0,0,-0,-0,0
10.3,0,0,0,-0,-0,0,0,0,0,-0,-0,0
10.32,-0,0,-0,0,0,-0,0,0,0,0,-0,-0
10.34,-0,0,-0,0,0,-0,0,0,0,0,-0,-0
10.36,-0,0,-0,0,0,-0,0,0,0,0,-0,-0
10.38,-0,0,-0,0,0,-0,0,0,0,0,-0,-0
10.4,-0,0,-0,0,0,-0,0,0,0,0,-0,-0
10.42,-0,0,-0,0,0,-0,-0,0,-0,0,0,-0
10.44,-0,0,-0,0,0,-0,-0,0,-0,0,0,-0
10.46,-0,0,-0,0,0,-0,-0,0,-0,0,0,-0
10.48,-0,0,-0,0,0,-0,-0,0,-0,0,0,-0
10.5,-0,0,-0,0,0,-0,-0,0,-0,0,0,-0
10.52,-0,0,-0,0,0,-0,-0,0,-0,0,0,-0
10.54,-0,0,-0,0,0,-0,-0,0,-0,0,0,-0
10.56,-0,0,-0,0,0,-0,-0,0,-0,0,0,-0
10.58,-0,0,-0,0,0,-0,-0,0,-0,0,0,-0
10.6,0,0,0,-0,-0,0,-0,0,-0,-0,0,0
10.62,0,0,0,-0,-0,0,-0,0,-0,-0,0,0
10.64,0,0,0,-0,-0,0,-0,0,-0,-0,0,0
10.66,0,0,0,-0,-0,0,-0,0,-0,-0,0,0
10.68,0,0,0,-0,-0,0,-0,0,-0,-0,0,0
10.7,0,0,0,-0,-0,0,0,0,0,-0,-0,0
10.72,0,0,0,-0,-0,0,0,0,0,-0,-0,0
10.74,0,0,0,-0,-0,0,0,0,0,-0,-0,0
10.76,0,0,0,-0,-0,0,0,0,0,-0,-0,0
10.78,0,0,0,-0,-0,0,0,0,0,-0,-0,0
10.8,0,0,0,-0,-0,0,0,0,0,-0,-0,0
10.82,0,0,0,-0,-0,0,0,0,0,-0,-0,0
10.84,0,0,0,-0,-0,0,0,0,0,-0,-0,0
10.86,0,0,0,-0,-0,0,0,0,0,-0,-0,0
10.88,-0,0,-0,0,0,-0,0,0,0,0,-0,-0
10.9,-0,0,-0,0,0,-0,0,0,0,0,-0,-0
10.92,-0,0,-0,0,0,-0,0,0,0,0,-0,-0
10.94,-0,0,-0,0,0,-0,0,0,0,0,-0,-0
10.96,-0,0,-0,0,0,-0,0,0,0,0,-0,-0
10.98,-0,0,-0,0,0,-0,-0,0,-0,0,0,-0
11,-0,0,-0,0,0,-0,-0,0,-0,0,0,-0
11.02,-0,0,-0,0,0,-0,-0,0,-0,0,0,-0
11.04,-0,0,-0,0,0,-0,-0,0,-0,0,0,-0
11.06,-0,0,-0,0,0,-0,-0,0,-0,0,0,-0
11.08,-0,0,-0,0,0,-0,-0,0,-0,0,0,-0
11.1,-0,0,-0,0,0,-0,-0,0,-0,0,0,-0
11.12,-0,0,-0,0,0,-0,-0,0,-0,0,0,-0
11.14,-0,0,-0,0,0,-0,-0,0,-0,0,0,-0
11.16,0,0,0,-0,-0,0,-0,0,-0,-0,0,0
11.18,0,0,0,-0,-0,0,-0,0,-0,-0,0,0
11.2,0,0,0,-0,-0,0,-0,0,-0,-0,0,0
11.22,0,0,0,-0,-0,0,-0,0,-0,-0,0,0
11.24,0,0,0,-0,-0,0,-0,0,-0,-0,0,0
11.26,0,0,0,-0,-0,0,0,0,0,-0,-0,0
11.28,0,0,0,-0,-0,0,0,0,0,-0,-0,0
11.3,0,0,0,-0,-0,0,0,0,0,-0,-0,0
11.32,0,0,0,-0,-0,0,0,0,0,-0,-0,0
11.34,0,0,0,-0,-0,0,0,0,0,-0,-0,0
11.36,0,0,0,-0,-0,0,0,0,0,-0,-0,0
11.38,0,0,0,-0,-0,0,0,0,0,-0,-0,0
11.4,0,0,0,-0,-0,0,0,0,0,-0,-0,0
11.42,0,0,0,-0,-0,0,0,0,0,-0,-0,0
11.44,-0,0,-0,0,0,-0,0,0,0,0,-0,-0
11.46,-0,0,-0,0,0,-0,0,0,0,0,-0,-0
11.48,-0,0,-0,0,0,-0,0,0,0,0,-0,-0
11.5,-0,0,-0,0,0,-0,0,0,0,0,-0,-0
11.52,-0,0,-0,0,0,-0,0,0,0,0,-0,-0
11.54,-0,0,-0,0,0,-0,-0,0,-0,0,0,-0
11.56,-0,0,-0,0,0,-0,-0,0,-0,0,0,-0
11.58,-0,0,-0,0,0,-0,-0,0,-0,0,0,-0
11.6,-0,0,-0,0,0,-0,-0,0,-0,0,0,-0
11.62,-0,0,-0,0,0,-0,-0,0,-0,0,0,-0
11.64,-0,0,-0,0,0,-0,-0,0,-0,0,0,-0
11.66,-0,0,-0,0,0,-0,-0,0,-0,0,0,-0
11.68,-0,0,-0,0,0,-0,-0,0,-0,0,0,-0
11.7,0,0,0,-0,-0,0,-0,0,-0,-0,0,0
11.72,0,0,0,-0,-0,0,-0,0,-0,-0,0,0
11.74,0,0,0,-0,-0,0,-0,0,-0,-0,0,0
11.76,0,0,0,-0,-0,0,-0,0,-0,-0,0,0
11.78,0,0,0,-0,-0,0,-0,0,-0,-0,0,0
11.8,0,0,0,-0,-0,0,-0,0,-0,-0,0,0
11.82,0,0,0,-0,-0,0,0,0,0,-0,-0,0
11.84,0,0,0,-0,-0,0,0,0,0,-0,-0,0
11.86,0,0,0,-0,-0,0,0,0,0,-0,-0,0
11.88,0,0,0,-0,-0,0,0,0,0,-0,-0,0
11.9,0,0,0,-0,-0,0,0,0,0,-0,-0,0
11.92,0,0,0,-0,-0,0,0,0,0,-0,-0,0
11.94,0,0,0,-0,-0,0,0,0,0,-0,-0,0
11.96,0,0,0,-0,-0,0,0,0,0,-0,-0,0
11.98,-0,0,-0,0,0,-0,0,0,0,0,-0,-0
12,-0,0,-0,0,0,-0,0,0,0,0,-0,-0
12.02,-0,0,-0,0,0,-0,0,0,0,0,-0,-0
12.04,-0,0,-0,0,0,-0,0,0,0,0,-0,-0
12.06,-0,0,-0,0,0,-0,0,0,0,0,-0,-0
12.08,-0,0,-0,0,0,-0,-0,0,-0,0,0,-0
12.1,-0,0,-0,0,0,-0,-0,0,-0,0,0,-0
12.12,-0,0,-0,0,0,-0,-0,0,-0,0,0,-0
12.14,-0,0,-0,0,0,-0,-0,0,-0,0,0,-0
12.16,-0,0,-0,0,0,-0,-0,0,-0,0,0,-0
12.18,-0,0,-0,0,0,-0,-0,0,-0,0,0,-0
12.2,-0,0,-0,0,0,-0,-0,0,-0,0,0,-0
12.22,-0,0,-0,0,0,-0,-0,0,-0,0,0,-0
12.24,-0,0,-0,0,0,-0,-0,0,-0,0,0,-0
12.26,0,0,0,-0,-0,0,-0,0,-0,-0,0,0
12.28,0,0,0,-0,-0,0,-0,0,-0,-0,0,0
12.3,0,0,0,-0,-0,0,-0,0,-0,-0,0,0
12.32,0,0,0,-0,-0,0,-0,0,-0,-0,0,0
12.34,0,0,0,-0,-0,0,-0,0,-0,-0,0,0
12.36,0,0,0,-0,-0,0,0,0,0,-0,-0,0
12.38,0,0,0,-0,-0,0,0,0,0,-0,-0,0
12.4,0,0,0,-0,-0,0,0,0,0,-0,-0,0
12.42,0,0,0,-0,-0,0,0,0,0,-0,-0,0
12.44,0,0,0,-0,-0,0,0,0,0,-0,-0,0
12.46,0,0,0,-0,-0,0,0,0,0,-0,-0,0
12.48,0,0,0,-0,-0,0,0,0,0,-0,-0,0
12.5,0,0,0,-0,-0,0,0,0,0,-0,-0,0
12.52,0,0,0,-0,-0,0,0,0,0,-0,-0,0
12.54,-0,0,-0,0,0,-0,0,0,0,0,-0,-0
12.56,-0,0,-0,0,0,-0,0,0,0,0,-0,-0
12.58,-0,0,-0,0,0,-0,0,0,0,0,-0,-0
12.6,-0,0,-0,0,0,-0,0,0,0,0,-0,-0
12.62,-0,0,-0,0,0,-0,0,0,0,0,-0,-0
12.64,-0,0,-0,0,0,-0,-0,0,-0,0,0,-0
12.66,-0,0,-0,0,0,-0,-0,0,-0,0,0,-0
12.68,-0,0,-0,0,0,-0,-0,0,-0,0,0,-0
12.7,-0,0,-0,0,0,-0,-0,0,-0,0,0,-0
12.72,-0,0,-0,0,0,-0,-0,0,-0,0,0,-0
12.74,-0,0,-0,0,0,-0,-0,0,-0,0,0,-0
12.76,-0,0,-0,0,0,-0,-0,0,-0,0,0,-0
12.78,-0,0,-0,0,0,-0,-0,0,-0,0,0,-0
12.8,-0,0,-0,0,0,-0,-0,0,-0,0,0,-0
12.82,0,0,0,-0,-0,0,-0,0,-0,-0,0,0
12.84,0,0,0,-0,-0,0,-0,0,-0,-0,0,0
12.86,0,0,0,-0,-0,0,-0,0,-0,-0,0,0
12.88,0,0,0,-0,-0,0,-0,0,-0,-0,0,0
12.9,0,0,0,-0,-0,0,-0,0,-0,-0,0,0
12.92,0,0,0,-0,-0,0,0,0,0,-0,-0,0
12.94,0,0,0,-0,-0,0,0,0,0,-0,-0,0
12.96,0,0,0,-0,-0,0,0,0,0,-0,-0,0
12.98,0,0,0,-0,-0,0,0,0,0,-0,-0,0
13,0,0,0,-0,-0,0,0,0,0,-0,-0,0
13.02,0,0,0,-0,-0,0,0,0,0,-0,-0,0
13.04,0,0,0,-0,-0,0,0,0,0,-0,-0,0
13.06,0,0,0,-0,-0,0,0,0,0,-0,-0,0
13.08,0,0,0,-0,-0,0,0,0,0,-0,-0,0
13.1,-0,0,-0,0,0,-0,0,0,0,0,-0,-0
13.12,-0,0,-0,0,0,-0,0,0,0,0,-0,-0
13.14,-0,0,-0,0,0,-0,0,0,0,0,-0,-0
13.16,-0,0,-0,0,0,-0,0,0,0,0,-0,-0
13.18,-0,0,-0,0,0,-0,0,0,0,0,-0,-0
13.2,-0,0,-0,0,0,-0,-0,0,-0,0,0,-0
13.22,-0,0,-0,0,0,-0,-0,0,-0,0,0,-0
13.24,-0,0,-0,0,0,-0,-0,0,-0,0,0,-0
13.26,-0,0,-0,0,0,-0,-0,0,-0,0,0,-0
13.28,-0,0,-0,0,0,-0,-0,0,-0,0,0,-0
13.3,-0,0,-0,0,0,-0,-0,0,-0,0,0,-0
13.32,-0,0,-0,0,0,-0,-0,0,-0,0,0,-0
13.34,-0,0,-0,0,0,-0,-0,0,-0,0,0,-0
13.36,-0,0,-0,0,0,-0,-0,0,-0,0,0,-0
13.38,0,0,0,-0,-0,0,-0,0,-0,-0,0,0
13.4,0,0,0,-0,-0,0,-0,0,-0,-0,0,0
13.42,0,0,0,-0,-0,0,-0,0,-0,-0,0,0
13.44,0,0,0,-0,-0,0,-0,0,-0,-0,0,0
13.46,0,0,0,-0,-0,0,-0,0,-0,-0,0,0
13.48,0,0,0,-0,-0,0,0,0,0,-0,-0,0
13.5,0,0,0,-0,-0,0,0,0,0,-0,-0,0
13.52,0,0,0,-0,-0,0,0,0,0,-0,-0,0
13.54,0,0,0,-0,-0,0,0,0,0,-0,-0,0
13.56,0,0,0,-0,-0,0,0,0,0,-0,-0,0
13.58,0,0,0,-0,-0,0,0,0,0,-0,-0,0
13.6,0,0,0,-0,-0,0,0,0,0,-0,-0,0
13.62,0,0,0,-0,-0,0,0,0,0,-0,-0,0
13.64,0,0,0,-0,-0,0,0,0,0,-0,-0,0
13.66,-0,0,-0,0,0,-0,0,0,0,0,-0,-0
13.68,-0,0,-0,0,0,-0,0,0,0,0,-0,-0
13.7,-0,0,-0,0,0,-0,0,0,0,0,-0,-0
13.72,-0,0,-0,0,0,-0,0,0,0,0,-0,-0
13.74,-0,0,-0,0,0,-0,0,0,0,0,-0,-0
13.76,-0,0,-0,0,0,-0,-0,0,-0,0,0,-0
13.78,-0,0,-0,0,0,-0,-0,0,-0,0,0,-0
13.8,-0,0,-0,0,0,-0,-0,0,-0,0,0,-0
13.82,-0,0,-0,0,0,-0,-0,0,-0,0,0,-0
13.84,-0,0,-0,0,0,-0,-0,0,-0,0,0,-0
13.86,-0,0,-0,0,0,-0,-0,0,-0,0,0,-0
13.88,-0,0,-0,0,0,-0,-0,0,-0,0,0,-0
13.9,-0,0,-0,0,0,-0,-0,0,-0,0,0,-0
13.92,-0,0,-0,0,0,-0,-0,0,-0,0,0,-0
13.94,0,0,0,-0,-0,0,-0,0,-0,-0,0,0
13.96,0,0,0,-0,-0,0,-0,0,-0,-0,0,0
13.98,0,0,0,-0,-0,0,-0,0,-0,-0,0,0
14,0,0,0,-0,-0,0,-0,0,-0,-0,0,0
14.02,0,0,0,-0,-0,0,-0,0,-0,-0,0,0
14.04,0,0,0,-0,-0,0,0,0,0,-0,-0,0
14.06,0,0,0,-0,-0,0,0,0,0,-0,-0,0
14.08,0,0,0,-0,-0,0,0,0,0,-0,-0,0
14.1,0,0,0,-0,-0,0,0,0,0,-0,-0,0
14.12,0,0,0,-0,-0,0,0,0,0,-0,-0,0
14.14,0,0,0,-0,-0,0,0,0,0,-0,-0,0
14.16,0,0,0,-0,-0,0,0,0,0,-0,-0,0
14.18,0,0,0,-0,-0,0,0,0,0,-0,-0,0
14.2,0,0,0,-0,-0,0,0,0,0,-0,-0,0
14.22,-0,0,-0,0,0,-0,0,0,0,0,-0,-0
14.24,-0,0,-0,0,0,-0,0,0,0,0,-0,-0
14.26,-0,0,-0,0,0,-0,0,0,0,0,-0,-0
14.28,-0,0,-0,0,0,-0,0,0,0,0,-0,-0
14.3,-0,0,-0,0,0,-0,0,0,0,0,-0,-0
14.32,-0,0,-0,0,0,-0,-0,0,-0,0,0,-0
14.34,-0,0,-0,0,0,-0,-0,0,-0,0,0,-0
14.36,-0,0,-0,0,0,-0,-0,0,-0,0,0,-0
14.38,-0,0,-0,0,0,-0,-0,0,-0,0,0,-0
14.4,-0,0,-0,0,0,-0,-0,0,-0,0,0,-0
14.42,-0,0,-0,0,0,-0,-0,0,-0,0,0,-0
14.44,-0,0,-0,0,0,-0,-0,0,-0,0,0,-0
14.46,-0,0,-0,0,0,-0,-0,0,-0,0,0,-0
14.48,-0,0,-0,0,0,-0,-0,0,-0,0,0,-0
14.5,0,0,0,-0,-0,0,-0,0,-0,-0,0,0
14.52,0,0,0,-0,-0,0,-0,0,-0,-0,0,0
14.54,0,0,0,-0,-0,0,-0,0,-0,-0,0,0
14.56,0,0,0,-0,-0,0,-0,0,-0,-0,0,0
14.58,0,0,0,-0,-0,0,-0,0,-0,-0,0,0
14.6,0,0,0,-0,-0,0,0,0,0,-0,-0,0
14.62,0,0,0,-0,-0,0,0,0,0,-0,-0,0
14.64,0,0,0,-0,-0,0,0,0,0,-0,-0,0
14.66,0,0,0,-0,-0,0,0,0,0,-0,-0,0
14.68,0,0,0,-0,-0,0,0,0,0,-0,-0,0
14.7,0,0,0,-0,-0,0,0,0,0,-0,-0,0
14.72,0,0,0,-0,-0,0,0,0,0,-0,-0,0
14.74,0,0,0,-0,-0,0,0,0,0,-0,-0,0
14.76,-0,0,-0,0,0,-0,0,0,0,0,-0,-0
14.78,-0,0,-0,0,0,-0,0,0,0,0,-0,-0
14.8,-0,0,-0,0,0,-0,0,0,0,0,-0,-0
14.82,-0,0,-0,0,0,-0,0,0,0,0,-0,-0
14.84,-0,0,-0,0,0,-0,0,0,0,0,-0,-0
14.86,-0,0,-0,0,0,-0,0,0,0,0,-0,-0
14.88,-0,0,-0,0,0,-0,-0,0,-0,0,0,-0
14.9,-0,0,-0,0,0,-0,-0,0,-0,0,0,-0
14.92,-0,0,-0,0,0,-0,-0,0,-0,0,0,-0
14.94,-0,0,-0,0,0,-0,-0,0,-0,0,0,-0
14.96,-0,0,-0,0,0,-0,-0,0,-0,0,0,-0
14.98,-0,0,-0,0,0,-0,-0,0,-0,0,0,-0
15,-0,0,-0,0,0,-0,-0,0,-0,0,0,-0
15.02,-0,0,-0,0,0,-0,-0,0,-0,0,0,-0
15.04,0,0,0,-0,-0,0,-0,0,-0,-0,0,0
15.06,0,0,0,-0,-0,0,-0,0,-0,-0,0,0
15.08,0,0,0,-0,-0,0,-0,0,-0,-0,0,0
15.1,0,0,0,-0,-0,0,-0,0,-0,-0,0,0
15.12,0,0,0,-0,-0,0,-0,0,-0,-0,0,0
15.14,0,0,0,-0,-0,0,0,0,0,-0,-0,0
15.16,0,0,0,-0,-0,0,0,0,0,-0,-0,0
15.18,0,0,0,-0,-0,0,0,0,0,-0,-0,0
15.2,0,0,0,-0,-0,0,0,0,0,-0,-0,0
15.22,0,0,0,-0,-0,0,0,0,0,-0,-0,0
15.24,0,0,0,-0,-0,0,0,0,0,-0,-0,0
15.26,0,0,0,-0,-0,0,0,0,0,-0,-0,0
15.28,0,0,0,-0,-0,0,0,0,0,-0,-0,0
15.3,0,0,0,-0,-0,0,0,0,0,-0,-0,0
15.32,-0,0,-0,0,0,-0,0,0,0,0,-0,-0
15.34,-0,0,-0,0,0,-0,0,0,0,0,-0,-0
15.36,-0,0,-0,0,0,-0,0,0,0,0,-0,-0
15.38,-0,0,-0,0,0,-0,0,0,0,0,-0,-0
15.4,-0,0,-0,0,0,-0,0,0,0,0,-0,-0
15.42,-0,0,-0,0,0,-0,-0,0,-0,0,0,-0
15.44,-0,0,-0,0,0,-0,-0,0,-0,0,0,-0
15.46,-0,0,-0,0,0,-0,-0,0,-0,0,0,-0
15.48,-0,0,-0,0,0,-0,-0,0,-0,0,0,-0
15.5,-0,0,-0,0,0,-0,-0,0,-0,0,0,-0
15.52,-0,0,-0,0,0,-0,-0,0,-0,0,0,-0
15.54,-0,0,-0,0,0,-0,-0,0,-0,0,0,-0
15.56,-0,0,-0,0,0,-0,-0,0,-0,0,0,-0
15.58,-0,0,-0,0,0,-0,-0,0,-0,0,0,-0
15.6,0,0,0,-0,-0,0,-0,0,-0,-0,0,0
15.62,0,0,0,-0,-0,0,-0,0,-0,-0,0,0
15.64,0,0,0,-0,-0,0,-0,0,-0,-0,0,0
15.66,0,0,0,-0,-0,0,-0,0,-0,-0,0,0
15.68,0,0,0,-0,-0,0,-0,0,-0,-0,0,0
15.7,0,0,0,-0,-0,0,0,0,0,-0,-0,0
15.72,0,0,0,-0,-0,0,0,0,0,-0,-0,0
15.74,0,0,0,-0,-0,0,0,0,0,-0,-0,0
15.76,0,0,0,-0,-0,0,0,0,0,-0,-0,0
15.78,0,0,0,-0,-0,0,0,0,0,-0,-0,0
15.8,0,0,0,-0,-0,0,0,0,0,-0,-0,0
15.82,0,0,0,-0,-0,0,0,0,0,-0,-0,0
15.84,0,0,0,-0,-0,0,0,0,0,-0,-0,0
15.86,0,0,0,-0,-0,0,0,0,0,-0,-0,0
15.88,-0,0,-0,0,0,-0,0,0,0,0,-0,-0
15.9,-0,0,-0,0,0,-0,0,0,0,0,-0,-0
15.92,-0,0,-0,0,0,-0,0,0,0,0,-0,-0
15.94,-0,0,-0,0,0,-0,0,0,0,0,-0,-0
15.96,-0,0,-0,0,0,-0,0,0,0,0,-0,-0
15.98,-0,0,-0,0,0,-0,-0,0,-0,0,0,-0
16,-0,0,-0,0,0,-0,-0,0,-0,0,0,-0
16.02,-0,0,-0,0,0,-0,-0,0,-0,0,0,-0
16.04,-0,0,-0,0,0,-0,-0,0,-0,0,0,-0
16.06,-0,0,-0,0,0,-0,-0,0,-0,0,0,-0
16.08,-0,0,-0,0,0,-0,-0,0,-0,0,0,-0
16.1,-0,0,-0,0,0,-0,-0,0,-0,0,0,-0
16.12,-0,0,-0,0,0,-0,-0,0,-0,0,0,-0
16.14,-0,0,-0,0,0,-0,-0,0,-0,0,0,-0
16.16,0,0,0,-0,-0,0,-0,0,-0,-0,0,0
16.18,0,0,0,-0,-0,0,-0,0,-0,-0,0,0
16.2,0,0,0,-0,-0,0,-0,0,-0,-0,0,0
16.22,0,0,0,-0,-0,0,-0,0,-0,-0,0,0
16.24,0,0,0,-0,-0,0,-0,0,-0,-0,0,0
16.26,0,0,0,-0,-0,0,0,0,0,-0,-0,0
16.28,0,0,0,-0,-0,0,0,0,0,-0,-0,0
16.3,0,0,0,-0,-0,0,0,0,0,-0,-0,0
16.32,0,0,0,-0,-0,0,0,0,0,-0,-0,0
16.34,0,0,0,-0,-0,0,0,0,0,-0,-0,0
16.36,0,0,0,-0,-0,0,0,0,0,-0,-0,0
16.38,0,0,0,-0,-0,0,0,0,0,-0,-0,0
16.4,0,0,0,-0,-0,0,0,0,0,-0,-0,0
16.42,0,0,0,-0,-0,0,0,0,0,-0,-0,0
16.44,-0,0,-0,0,0,-0,0,0,0,0,-0,-0
16.46,-0,0,-0,0,0,-0,0,0,0,0,-0,-0
16.48,-0,0,-0,0,0,-0,0,0,0,0,-0,-0
16.5,-0,0,-0,0,0,-0,0,0,0,0,-0,-0
16.52,-0,0,-0,0,0,-0,0,0,0,0,-0,-0
16.54,-0,0,-0,0,0,-0,-0,0,-0,0,0,-0
16.56,-0,0,-0,0,0,-0,-0,0,-0,0,0,-0
16.58,-0,0,-0,0,0,-0,-0,0,-0,0,0,-0
16.6,-0,0,-0,0,0,-0,-0,0,-0,0,0,-0
16.62,-0,0,-0,0,0,-0,-0,0,-0,0,0,-0
16.64,-0,0,-0,0,0,-0,-0,0,-0,0,0,-0
16.66,-0,0,-0,0,0,-0,-0,0,-0,0,0,-0
16.68,-0,0,-0,0,0,-0,-0,0,-0,0,0,-0
16.7,-0,0,-0,0,0,-0,-0,0,-0,0,0,-0
16.72,0,0,0,-0,-0,0,-0,0,-0,-0,0,0
16.74,0,0,0,-0,-0,0,-0,0,-0,-0,0,0
16.76,0,0,0,-0,-0,0,-0,0,-0,-0,0,0
16.78,0,0,0,-0,-0,0,-0,0,-0,-0,0,0
16.8,0,0,0,-0,-0,0,-0,0,-0,-0,0,0
16.82,0,0,0,-0,-0,0,0,0,0,-0,-0,0
16.84,0,0,0,-0,-0,0,0,0,0,-0,-0,0
16.86,0,0,0,-0,-0,0,0,0,0,-0,-0,0
16.88,0,0,0,-0,-0,0,0,0,0,-0,-0,0
16.9,0,0,0,-0,-0,0,0,0,0,-0,-0,0
16.92,0,0,0,-0,-0,0,0,0,0,-0,-0,0
16.94,0,0,0,-0,-0,0,0,0,0,-0,-0,0
16.96,0,0,0,-0,-0,0,0,0,0,-0,-0,0
16.98,0,0,0,-0,-0,0,0,0,0,-0,-0,0
17,-0,0,-0,0,0,-0,0,0,0,0,-0,-0
17.02,-0,0,-0,0,0,-0,0,0,0,0,-0,-0
17.04,-0,0,-0,0,0,-0,0,0,0,0,-0,-0
17.06,-0,0,-0,0,0,-0,0,0,0,0,-0,-0
17.08,-0,0,-0,0,0,-0,0,0,0,0,-0,-0
17.1,-0,0,-0,0,0,-0,-0,0,-0,0,0,-0
17.12,-0,0,-0,0,0,-0,-0,0,-0,0,0,-0
17.14,-0,0,-0,0,0,-0,-0,0,-0,0,0,-0
17.16,-0,0,-0,0,0,-0,-0,0,-0,0,0,-0
17.18,-0,0,-0,0,0,-0,-0,0,-0,0,0,-0
17.2,-0,0,-0,0,0,-0,-0,0,-0,0,0,-0
17.22,-0,0,-0,0,0,-0,-0,0,-0,0,0,-0
17.24,-0,0,-0,0,0,-0,-0,0,-0,0,0,-0
17.26,-0,0,-0,0,0,-0,-0,0,-0,0,0,-0
17.28,0,0,0,-0,-0,0,-0,0,-0,-0,0,0
17.3,0,0,0,-0,-0,0,-0,0,-0,-0,0,0
17.32,0,0,0,-0,-0,0,-0,0,-0,-0,0,0
17.34,0,0,0,-0,-0,0,-0,0,-0,-0,0,0
17.36,0,0,0,-0,-0,0,-0,0,-0,-0,0,0
17.38,0,0,0,-0,-0,0,0,0,0,-0,-0,0
17.4,0,0,0,-0,-0,0,0,0,0,-0,-0,0
17.42,0,0,0,-0,-0,0,0,0,0,-0,-0,0
17.44,0,0,0,-0,-0,0,0,0,0,-0,-0,0
17.46,0,0,0,-0,-0,0,0,0,0,-0,-0,0
17.48,0,0,0,-0,-0,0,0,0,0,-0,-0,0
17.5,0,0,0,-0,-0,0,0,0,0,-0,-0,0
17.52,0,0,0,-0,-0,0,0,0,0,-0,-0,0
17.54,0,0,0,-0,-0,0,0,0,0,-0,-0,0
17.56,-0,0,-0,0,0,-0,0,0,0,0,-0,-0
17.58,-0,0,-0,0,0,-0,0,0,0,0,-0,-0
17.6,-0,0,-0,0,0,-0,0,0,0,0,-0,-0
17.62,-0,0,-0,0,0,-0,0,0,0,0,-0,-0
17.64,-0,0,-0,0,0,-0,0,0,0,0,-0,-0
17.66,-0,0,-0,0,0,-0,-0,0,-0,0,0,-0
17.68,-0,0,-0,0,0,-0,-0,0,-0,0,0,-0
17.7,-0,0,-0,0,0,-0,-0,0,-0,0,0,-0
17.72,-0,0,-0,0,0,-0,-0,0,-0,0,0,-0
17.74,-0,0,-0,0,0,-0,-0,0,-0,0,0,-0
17.76,-0,0,-0,0,0,-0,-0,0,-0,0,0,-0
17.78,-0,0,-0,0,0,-0,-0,0,-0,0,0,-0
17.8,-0,0,-0,0,0,-0,-0,0,-0,0,0,-0
17.82,0,0,0,-0,-0,0,-0,0,-0,-0,0,0
17.84,0,0,0,-0,-0,0,-0,0,-0,-0,0,0
17.86,0,0,0,-0,-0,0,-0,0,-0,-0,0,0
17.88,0,0,0,-0,-0,0,-0,0,-0,-0,0,0
17.9,0,0,0,-0,-0,0,-0,0,-0,-0,0,0
17.92,0,0,0,-0,-0,0,-0,0,-0,-0,0,0
17.94,0,0,0,-0,-0,0,0,0,0,-0,-0,0
17.96,0,0,0,-0,-0,0,0,0,0,-0,-0,0
17.98,0,0,0,-0,-0,0,0,0,0,-0,-0,0
18,0,0,0,-0,-0,0,0,0,0,-0,-0,0
18.02,0,0,0,-0,-0,0,0,0,0,-0,-0,0
18.04,0,0,0,-0,-0,0,0,0,0,-0,-0,0
18.06,0,0,0,-0,-0,0,0,0,0,-0,-0,0
18.08,0,0,0,-0,-0,0,0,0,0,-0,-0,0
18.1,-0,0,-0,0,0,-0,0,0,0,0,-0,-0
18.12,-0,0,-0,0,0,-0,0,0,0,0,-0,-0
18.14,-0,0,-0,0,0,-0,0,0,0,0,-0,-0
18.16,-0,0,-0,0,0,-0,0,0,0,0,-0,-0
18.18,-0,0,-0,0,0,-0,0,0,0,0,-0,-0
18.2,-0,0,-0,0,0,-0,-0,0,-0,0,0,-0
18.22,-0,0,-0,0,0,-0,-0,0,-0,0,0,-0
18.24,-0,0,-0,0,0,-0,-0,0,-0,0,0,-0
18.26,-0,0,-0,0,0,-0,-0,0,-0,0,0,-0
18.28,-0,0,-0,0,0,-0,-0,0,-0,0,0,-0
18.3,-0,0,-0,0,0,-0,-0,0,-0,0,0,-0
18.32,-0,0,-0,0,0,-0,-0,0,-0,0,0,-0
18.34,-0,0,-0,0,0,-0,-0,0,-0,0,0,-0
18.36,-0,0,-0,0,0,-0,-0,0,-0,0,0,-0
18.38,0,0,0,-0,-0,0,-0,0,-0,-0,0,0
18.4,0,0,0,-0,-0,0,-0,0,-0,-0,0,0
18.42,0,0,0,-0,-0,0,-0,0,-0,-0,0,0
18.44,0,0,0,-0,-0,0,-0,0,-0,-0,0,0
18.46,0,0,0,-0,-0,0,-0,0,-0,-0,0,0
18.48,0,0,0,-0,-0,0,0,0,0,-0,-0,0
18.5,0,0,0,-0,-0,0,0,0,0,-0,-0,0
18.52,0,0,0,-0,-0,0,0,0,0,-0,-0,0
18.54,0,0,0,-0,-0,0,0,0,0,-0,-0,0
18.56,0,0,0,-0,-0,0,0,0,0,-0,-0,0
18.58,0,0,0,-0,-0,0,0,0,0,-0,-0,0
18.6,0,0,0,-0,-0,0,0,0,0,-0,-0,0
18.62,0,0,0,-0,-0,0,0,0,0,-0,-0,0
18.64,0,0,0,-0,-0,0,0,0,0,-0,-0,0
18.66,-0,0,-0,0,0,-0,0,0,0,0,-0,-0
18.68,-0,0,-0,0,0,-0,0,0,0,0,-0,-0
18.7,-0,0,-0,0,0,-0,0,0,0,0,-0,-0
18.72,-0,0,-0,0,0,-0,0,0,0,0,-0,-0
18.74,-0,0,-0,0,0,-0,0,0,0,0,-0,-0
18.76,-0,0,-0,0,0,-0,-0,0,-0,0,0,-0
18.78,-0,0,-0,0,0,-0,-0,0,-0,0,0,-0
18.8,-0,0,-0,0,0,-0,-0,0,-0,0,0,-0
18.82,-0,0,-0,0,0,-0,-0,0,-0,0,0,-0
18.84,-0,0,-0,0,0,-0,-0,0,-0,0,0,-0
18.86,-0,0,-0,0,0,-0,-0,0,-0,0,0,-0
18.88,-0,0,-0,0,0,-0,-0,0,-0,0,0,-0
18.9,-0,0,-0,0,0,-0,-0,0,-0,0,0,-0
18.92,-0,0,-0,0,0,-0,-0,0,-0,0,0,-0
18.94,0,0,0,-0,-0,0,-0,0,-0,-0,0,0
18.96,0,0,0,-0,-0,0,-0,0,-0,-0,0,0
18.98,0,0,0,-0,-0,0,-0,0,-0,-0,0,0
19,0,0,0,-0,-0,0,-0,0,-0,-0,0,0
19.02,0,0,0,-0,-0,0,-0,0,-0,-0,0,0
19.04,0,0,0,-0,-0,0,0,0,0,-0,-0,0
19.06,0,0,0,-0,-0,0,0,0,0,-0,-0,0
19.08,0,0,0,-0,-0,0,0,0,0,-0,-0,0
19.1,0,0,0,-0,-0,0,0,0,0,-0,-0,0
19.12,0,0,0,-0,-0,0,0,0,0,-0,-0,0
19.14,0,0,0,-0,-0,0,0,0,0,-0,-0,0
19.16,0,0,0,-0,-0,0,0,0,0,-0,-0,0
19.18,0,0,0,-0,-0,0,0,0,0,-0,-0,0
19.2,0,0,0,-0,-0,0,0,0,0,-0,-0,0
19.22,-0,0,-0,0,0,-0,0,0,0,0,-0,-0
19.24,-0,0,-0,0,0,-0,0,0,0,0,-0,-0
19.26,-0,0,-0,0,0,-0,0,0,0,0,-0,-0
19.28,-0,0,-0,0,0,-0,0,0,0,0,-0,-0
19.3,-0,0,-0,0,0,-0,0,0,0,0,-0,-0
19.32,-0,0,-0,0,0,-0,-0,0,-0,0,0,-0
19.34,-0,0,-0,0,0,-0,-0,0,-0,0,0,-0
19.36,-0,0,-0,0,0,-0,-0,0,-0,0,0,-0
19.38,-0,0,-0,0,0,-0,-0,0,-0,0,0,-0
19.4,-0,0,-0,0,0,-0,-0,0,-0,0,0,-0
19.42,-0,0,-0,0,0,-0,-0,0,-0,0,0,-0
19.44,-0,0,-0,0,0,-0,-0,0,-0,0,0,-0
19.46,-0,0,-0,0,0,-0,-0,0,-0,0,0,-0
19.48,-0,0,-0,0,0,-0,-0,0,-0,0,0,-0
19.5,0,0,0,-0,-0,0,-0,0,-0,-0,0,0
19.52,0,0,0,-0,-0,0,-0,0,-0,-0,0,0
19.54,0,0,0,-0,-0,0,-0,0,-0,-0,0,0
19.56,0,0,0,-0,-0,0,-0,0,-0,-0,0,0
19.58,0,0,0,-0,-0,0,-0,0,-0,-0,0,0
19.6,0,0,0,-0,-0,0,0,0,0,-0,-0,0
19.62,0,0,0,-0,-0,0,0,0,0,-0,-0,0
19.64,0,0,0,-0,-0,0,0,0,0,-0,-0,0
19.66,0,0,0,-0,-0,0,0,0,0,-0,-0,0
19.68,0,0,0,-0,-0,0,0,0,0,-0,-0,0
19.7,0,0,0,-0,-0,0,0,0,0,-0,-0,0
19.72,0,0,0,-0,-0,0,0,0,0,-0,-0,0
19.74,0,0,0,-0,-0,0,0,0,0,-0,-0,0
19.76,0,0,0,-0,-0,0,0,0,0,-0,-0,0
19.78,-0,0,-0,0,0,-0,0,0,0,0,-0,-0
19.8,-0,0,-0,0,0,-0,0,0,0,0,-0,-0
19.82,-0,0,-0,0,0,-0,0,0,0,0,-0,-0
19.84,-0,0,-0,0,0,-0,0,0,0,0,-0,-0
19.86,-0,0,-0,0,0,-0,0,0,0,0,-0,-0
19.88,-0,0,-0,0,0,-0,-0,0,-0,0,0,-0
19.9,-0,0,-0,0,0,-0,-0,0,-0,0,0,-0
19.92,-0,0,-0,0,0,-0,-0,0,-0,0,0,-0
19.94,-0,0,-0,0,0,-0,-0,0,-0,0,0,-0
19.96,-0,0,-0,0,0,-0,-0,0,-0,0,0,-0
19.98,-0,0,-0,0,0,-0,-0,0,-0,0,0,-0
20,-0,0,-0,0,0,-0,-0,0,-0,0,0,-0
20.02,-0,0,-0,0,0,-0,-0,0,-0,0,0,-0
20.04,-0,0,-0,0,0,-0,-0,0,-0,0,0,-0
20.06,0,0,0,-0,-0,0,-0,0,-0,-0,0,0
20.08,0,0,0,-0,-0,0,-0,0,-0,-0,0,0
20.1,0,0,0,-0,-0,0,-0,0,-0,-0,0,0
20.12,0,0,0,-0,-0,0,-0,0,-0,-0,0,0
20.14,0,0,0,-0,-0,0,-0,0,-0,-0,0,0
20.16,0,0,0,-0,-0,0,0,0,0,-0,-0,0
20.18,0,0,0,-0,-0,0,0,0,0,-0,-0,0
20.2,0,0,0,-0,-0,0,0,0,0,-0,-0,0
20.22,0,0,0,-0,-0,0,0,0,0,-0,-0,0
20.24,0,0,0,-0,-0,0,0,0,0,-0,-0,0
20.26,0,0,0,-0,-0,0,0,0,0,-0,-0,0
20.28,0,0,0,-0,-0,0,0,0,0,-0,-0,0
20.3,0,0,0,-0,-0,0,0,0,0,-0,-0,0
20.32,0,0,0,-0,-0,0,0,0,0,-0,-0,0
20.34,-0,0,-0,0,0,-0,0,0,0,0,-0,-0
20.36,-0,0,-0,0,0,-0,0,0,0,0,-0,-0
20.38,-0,0,-0,0,0,-0,0,0,0,0,-0,-0
20.4,-0,0,-0,0,0,-0,0,0,0,0,-0,-0
20.42,-0,0,-0,0,0,-0,0,0,0,0,-0,-0
20.44,-0,0,-0,0,0,-0,-0,0,-0,0,0,-0
20.46,-0,0,-0,0,0,-0,-0,0,-0,0,0,-0
20.48,-0,0,-0,0,0,-0,-0,0,-0,0,0,-0
20.5,-0,0,-0,0,0,-0,-0,0,-0,0,0,-0
20.52,-0,0,-0,0,0,-0,-0,0,-0,0,0,-0
20.54,-0,0,-0,0,0,-0,-0,0,-0,0,0,-0
20.56,-0,0,-0,0,0,-0,-0,0,-0,0,0,-0
20.58,-0,0,-0,0,0,-0,-0,0,-0,0,0,-0
20.6,-0,0,-0,0,0,-0,-0,0,-0,0,0,-0
20.62,0,0,0,-0,-0,0,-0,0,-0,-0,0,0
20.64,0,0,0,-0,-0,0,-0,0,-0,-0,0,0
20.66,0,0,0,-0,-0,0,-0,0,-0,-0,0,0
20.68,0,0,0,-0,-0,0,-0,0,-0,-0,0,0
20.7,0,0,0,-0,-0,0,-0,0,-0,-0,0,0
20.72,0,0,0,-0,-0,0,0,0,0,-0,-0,0
20.74,0,0,0,-0,-0,0,0,0,0,-0,-0,0
20.76,0,0,0,-0,-0,0,0,0,0,-0,-0,0
20.78,0,0,0,-0,-0,0,0,0,0,-0,-0,0
20.8,0,0,0,-0,-0,0,0,0,0,-0,-0,0
20.82,0,0,0,-0,-0,0,0,0,0,-0,-0,0
20.84,0,0,0,-0,-0,0,0,0,0,-0,-0,0
20.86,0,0,0,-0,-0,0,0,0,0,-0,-0,0
20.88,-0,0,-0,0,0,-0,0,0,0,0,-0,-0
20.9,-0,0,-0,0,0,-0,0,0,0,0,-0,-0
20.92,-0,0,-0,0,0,-0,0,0,0,0,-0,-0
20.94,-0,0,-0,0,0,-0,0,0,0,0,-0,-0
20.96,-0,0,-0,0,0,-0,0,0,0,0,-0,-0
20.98,-0,0,-0,0,0,-0,0,0,0,0,-0,-0
21,-0,0,-0,0,0,-0,-0,0,-0,0,0,-0
21.02,-0,0,-0,0,0,-0,-0,0,-0,0,0,-0
21.04,-0,0,-0,0,0,-0,-0,0,-0,0,0,-0
21.06,-0,0,-0,0,0,-0,-0,0,-0,0,0,-0
21.08,-0,0,-0,0,0,-0,-0,0,-0,0,0,-0
21.1,-0,0,-0,0,0,-0,-0,0,-0,0,0,-0
21.12,-0,0,-0,0,0,-0,-0,0,-0,0,0,-0
21.14,-0,0,-0,0,0,-0,-0,0,-0,0,0,-0
21.16,0,0,0,-0,-0,0,-0,0,-0,-0,0,0
21.18,0,0,0,-0,-0,0,-0,0,-0,-0,0,0
21.2,0,0,0,-0,-0,0,-0,0,-0,-0,0,0
21.22,0,0,0,-0,-0,0,-0,0,-0,-0,0,0
21.24,0,0,0,-0,-0,0,-0,0,-0,-0,0,0
21.26,0,0,0,-0,-0,0,-0,0,-0,-0,0,0
21.28,0,0,0,-0,-0,0,0,0,0,-0,-0,0
21.3,0,0,0,-0,-0,0,0,0,0,-0,-0,0
21.32,0,0,0,-0,-0,0,0,0,0,-0,-0,0
21.34,0,0,0,-0,-0,0,0,0,0,-0,-0,0
21.36,0,0,0,-0,-0,0,0,0,0,-0,-0,0
21.38,0,0,0,-0,-0,0,0,0,0,-0,-0,0
21.4,0,0,0,-0,-0,0,0,0,0,-0,-0,0
21.42,0,0,0,-0,-0,0,0,0,0,-0,-0,0
21.44,-0,0,-0,0,0,-0,0,0,0,0,-0,-0
21.46,-0,0,-0,0,0,-0,0,0,0,0,-0,-0
21.48,-0,0,-0,0,0,-0,0,0,0,0,-0,-0
21.5,-0,0,-0,0,0,-0,0,0,0,0,-0,-0
21.52,-0,0,-0,0,0,-0,0,0,0,0,-0,-0
21.54,-0,0,-0,0,0,-0,-0,0,-0,0,0,-0
21.56,-0,0,-0,0,0,-0,-0,0,-0,0,0,-0
21.58,-0,0,-0,0,0,-0,-0,0,-0,0,0,-0
21.6,-0,0,-0,0,0,-0,-0,0,-0,0,0,-0
21.62,-0,0,-0,0,0,-0,-0,0,-0,0,0,-0
21.64,-0,0,-0,0,0,-0,-0,0,-0,0,0,-0
21.66,-0,0,-0,0,0,-0,-0,0,-0,0,0,-0
21.68,-0,0,-0,0,0,-0,-0,0,-0,0,0,-0
21.7,-0,0,-0,0,0,-0,-0,0,-0,0,0,-0
21.72,0,0,0,-0,-0,0,-0,0,-0,-0,0,0
21.74,0,0,0,-0,-0,0,-0,0,-0,-0,0,0
21.76,0,0,0,-0,-0,0,-0,0,-0,-0,0,0
21.78,0,0,0,-0,-0,0,-0,0,-0,-0,0,0
21.8,0,0,0,-0,-0,0,-0,0,-0,-0,0,0
21.82,0,0,0,-0,-0,0,0,0,0,-0,-0,0
21.84,0,0,0,-0,-0,0,0,0,0,-0,-0,0
21.86,0,0,0,-0,-0,0,0,0,0,-0,-0,0
21.88,0,0,0,-0,-0,0,0,0,0,-0,-0,0
21.9,0,0,0,-0,-0,0,0,0,0,-0,-0,0
21.92,0,0,0,-0,-0,0,0,0,0,-0,-0,0
21.94,0,0,0,-0,-0,0,0,0,0,-0,-0,0
21.96,0,0,0,-0,-0,0,0,0,0,-0,-0,0
21.98,0,0,0,-0,-0,0,0,0,0,-0,-0,0
22,-0,0,-0,0,0,-0,0,0,0,0,-0,-0
22.02,-0,0,-0,0,0,-0,0,0,0,0,-0,-0
22.04,-0,0,-0,0,0,-0,0,0,0,0,-0,-0
22.06,-0,0,-0,0,0,-0,0,0,0,0,-0,-0
22.08,-0,0,-0,0,0,-0,0,0,0,0,-0,-0
22.1,-0,0,-0,0,0,-0,-0,0,-0,0,0,-0
22.12,-0,0,-0,0,0,-0,-0,0,-0,0,0,-0
22.14,-0,0,-0,0,0,-0,-0,0,-0,0,0,-0
22.16,-0,0,-0,0,0,-0,-0,0,-0,0,0,-0
22.18,-0,0,-0,0,0,-0,-0,0,-0,0,0,-0
22.2,-0,0,-0,0,0,-0,-0,0,-0,0,0,-0
22.22,-0,0,-0,0,0,-0,-0,0,-0,0,0,-0
22.24,-0,0,-0,0,0,-0,-0,0,-0,0,0,-0
22.26,-0,0,-0,0,0,-0,-0,0,-0,0,0,-0
22.28,0,0,0,-0,-0,0,-0,0,-0,-0,0,0
22.3,0,0,0,-0,-0,0,-0,0,-0,-0,0,0
22.32,0,0,0,-0,-0,0,-0,0,-0,-0,0,0
22.34,0,0,0,-0,-0,0,-0,0,-0,-0,0,0
22.36,0,0,0,-0,-0,0,-0,0,-0,-0,0,0
22.38,0,0,0,-0,-0,0,0,0,0,-0,-0,0
22.4,0,0,0,-0,-0,0,0,0,0,-0,-0,0
22.42,0,0,0,-0,-0,0,0,0,0,-0,-0,0
22.44,0,0,0,-0,-0,0,0,0,0,-0,-0,0
22.46,0,0,0,-0,-0,0,0,0,0,-0,-0,0
22.48,0,0,0,-0,-0,0,0,0,0,-0,-0,0
22.5,0,0,0,-0,-0,0,0,0,0,-0,-0,0
22.52,0,0,0,-0,-0,0,0,0,0,-0,-0,0
22.54,0,0,0,-0,-0,0,0,0,0,-0,-0,0
22.56,-0,0,-0,0,0,-0,0,0,0,0,-0,-0
22.58,-0,0,-0,0,0,-0,0,0,0,0,-0,-0
22.6,-0,0,-0,0,0,-0,0,0,0,0,-0,-0
22.62,-0,0,-0,0,0,-0,0,0,0,0,-0,-0
22.64,-0,0,-0,0,0,-0,0,0,0,0,-0,-0
22.66,-0,0,-0,0,0,-0,-0,0,-0,0,0,-0
22.68,-0,0,-0,0,0,-0,-0,0,-0,0,0,-0
22.7,-0,0,-0,0,0,-0,-0,0,-0,0,0,-0
22.72,-0,0,-0,0,0,-0,-0,0,-0,0,0,-0
22.74,-0,0,-0,0,0,-0,-0,0,-0,0,0,-0
22.76,-0,0,-0,0,0,-0,-0,0,-0,0,0,-0
22.78,-0,0,-0,0,0,-0,-0,0,-0,0,0,-0
22.8,-0,0,-0,0,0,-0,-0,0,-0,0,0,-0
22.82,-0,0,-0,0,0,-0,-0,0,-0,0,0,-0
22.84,0,0,0,-0,-0,0,-0,0,-0,-0,0,0
22.86,0,0,0,-0,-0,0,-0,0,-0,-0,0,0
22.88,0,0,0,-0,-0,0,-0,0,-0,-0,0,0
22.9,0,0,0,-0,-0,0,-0,0,-0,-0,0,0
22.92,0,0,0,-0,-0,0,-0,0,-0,-0,0,0
22.94,0,0,0,-0,-0,0,0,0,0,-0,-0,0
22.96,0,0,0,-0,-0,0,0,0,0,-0,-0,0
22.98,0,0,0,-0,-0,0,0,0,0,-0,-0,0
23,0,0,0,-0,-0,0,0,0,0,-0,-0,0
23.02,0,0,0,-0,-0,0,0,0,0,-0,-0,0
23.04,0,0,0,-0,-0,0,0,0,0,-0,-0,0
23.06,0,0,0,-0,-0,0,0,0,0,-0,-0,0
23.08,0,0,0,-0,-0,0,0,0,0,-0,-0,0
23.1,0,0,0,-0,-0,0,0,0,0,-0,-0,0
23.12,-0,0,-0,0,0,-0,0,0,0,0,-0,-0
23.14,-0,0,-0,0,0,-0,0,0,0,0,-0,-0
23.16,-0,0,-0,0,0,-0,0,0,0,0,-0,-0
23.18,-0,0,-0,0,0,-0,0,0,0,0,-0,-0
23.2,-0,0,-0,0,0,-0,0,0,0,0,-0,-0
23.22,-0,0,-0,0,0,-0,-0,0,-0,0,0,-0
23.24,-0,0,-0,0,0,-0,-0,0,-0,0,0,-0
23.26,-0,0,-0,0,0,-0,-0,0,-0,0,0,-0
23.28,-0,0,-0,0,0,-0,-0,0,-0,0,0,-0
23.3,-0,0,-0,0,0,-0,-0,0,-0,0,0,-0
23.32,-0,0,-0,0,0,-0,-0,0,-0,0,0,-0
23.34,-0,0,-0,0,0,-0,-0,0,-0,0,0,-0
23.36,-0,0,-0,0,0,-0,-0,0,-0,0,0,-0
23.38,-0,0,-0,0,0,-0,-0,0,-0,0,0,-0
23.4,0,0,0,-0,-0,0,-0,0,-0,-0,0,0
23.42,0,0,0,-0,-0,0,-0,0,-0,-0,0,0
23.44,0,0,0,-0,-0,0,-0,0,-0,-0,0,0
23.46,0,0,0,-0,-0,0,-0,0,-0,-0,0,0
23.48,0,0,0,-0,-0,0,-0,0,-0,-0,0,0
23.5,0,0,0,-0,-0,0,0,0,0,-0,-0,0
23.52,0,0,0,-0,-0,0,0,0,0,-0,-0,0
23.54,0,0,0,-0,-0,0,0,0,0,-0,-0,0
23.56,0,0,0,-0,-0,0,0,0,0,-0,-0,0
23.58,0,0,0,-0,-0,0,0,0,0,-0,-0,0
23.6,0,0,0,-0,-0,0,0,0,0,-0,-0,0
23.62,0,0,0,-0,-0,0,0,0,0,-0,-0,0
23.64,0,0,0,-0,-0,0,0,0,0,-0,-0,0
23.66,0,0,0,-0,-0,0,0,0,0,-0,-0,0
23.68,-0,0,-0,0,0,-0,0,0,0,0,-0,-0
23.7,-0,0,-0,0,0,-0,0,0,0,0,-0,-0
23.72,-0,0,-0,0,0,-0,0,0,0,0,-0,-0
23.74,-0,0,-0,0,0,-0,0,0,0,0,-0,-0
23.76,-0,0,-0,0,0,-0,0,0,0,0,-0,-0
23.78,-0,0,-0,0,0,-0,-0,0,-0,0,0,-0
23.8,-0,0,-0,0,0,-0,-0,0,-0,0,0,-0
23.82,-0,0,-0,0,0,-0,-0,0,-0,0,0,-0
23.84,-0,0,-0,0,0,-0,-0,0,-0,0,0,-0
23.86,-0,0,-0,0,0,-0,-0,0,-0,0,0,-0
23.88,-0,0,-0,0,0,-0,-0,0,-0,0,0,-0
23.9,-0,0,-0,0,0,-0,-0,0,-0,0,0,-0
23.92,-0,0,-0,0,0,-0,-0,0,-0,0,0,-0
23.94,-0,0,-0,0,0,-0,-0,0,-0,0,0,-0
23.96,0,0,0,-0,-0,0,-0,0,-0,-0,0,0
23.98,0,0,0,-0,-0,0,-0,0,-0,-0,0,0
24,0,0,0,-0,-0,0,-0,0,-0,-0,0,0
24.02,0,0,0,-0,-0,0,-0,0,-0,-0,0,0
24.04,0,0,0,-0,-0,0,-0,0,-0,-0,0,0
24.06,0,0,0,-0,-0,0,0,0,0,-0,-0,0
24.08,0,0,0,-0,-0,0,0,0,0,-0,-0,0
24.1,0,0,0,-0,-0,0,0,0,0,-0,-0,0
24.12,0,0,0,-0,-0,0,0,0,0,-0,-0,0
24.14,0,0,0,-0,-0,0,0,0,0,-0,-0,0
24.16,0,0,0,-0,-0,0,0,0,0,-0,-0,0
24.18,0,0,0,-0,-0,0,0,0,0,-0,-0,0
24.2,0,0,0,-0,-0,0,0,0,0,-0,-0,0
24.22,-0,0,-0,0,0,-0,0,0,0,0,-0,-0
24.24,-0,0,-0,0,0,-0,0,0,0,0,-0,-0
24.26,-0,0,-0,0,0,-0,0,0,0,0,-0,-0
24.28,-0,0,-0,0,0,-0,0,0,0,0,-0,-0
24.3,-0,0,-0,0,0,-0,0,0,0,0,-0,-0
24.32,-0,0,-0,0,0,-0,0,0,0,0,-0,-0
24.34,-0,0,-0,0,0,-0,-0,0,-0,0,0,-0
24.36,-0,0,-0,0,0,-0,-0,0,-0,0,0,-0
24.38,-0,0,-0,0,0,-0,-0,0,-0,0,0,-0
24.4,-0,0,-0,0,0,-0,-0,0,-0,0,0,-0
24.42,-0,0,-0,0,0,-0,-0,0,-0,0,0,-0
24.44,-0,0,-0,0,0,-0,-0,0,-0,0,0,-0
24.46,-0,0,-0,0,0,-0,-0,0,-0,0,0,-0
24.48,-0,0,-0,0,0,-0,-0,0,-0,0,0,-0
24.5,0,0,0,-0,-0,0,-0,0,-0,-0,0,0
24.52,0,0,0,-0,-0,0,-0,0,-0,-0,0,0
24.54,0,0,0,-0,-0,0,-0,0,-0,-0,0,0
24.56,0,0,0,-0,-0,0,-0,0,-0,-0,0,0
24.58,0,0,0,-0,-0,0,-0,0,-0,-0,0,0
24.6,0,0,0,-0,-0,0,0,0,0,-0,-0,0
24.62,0,0,0,-0,-0,0,0,0,0,-0,-0,0
24.64,0,0,0,-0,-0,0,0,0,0,-0,-0,0
24.66,0,0,0,-0,-0,0,0,0,0,-0,-0,0
24.68,0,0,0,-0,-0,0,0,0,0,-0,-0,0
24.7,0,0,0,-0,-0,0,0,0,0,-0,-0,0
24.72,0,0,0,-0,-0,0,0,0,0,-0,-0,0
24.74,0,0,0,-0,-0,0,0,0,0,-0,-0,0
24.76,0,0,0,-0,-0,0,0,0,0,-0,-0,0
24.78,-0,0,-0,0,0,-0,0,0,0,0,-0,-0
24.8,-0,0,-0,0,0,-0,0,0,0,0,-0,-0
24.82,-0,0,-0,0,0,-0,0,0,0,0,-0,-0
24.84,-0,0,-0,0,0,-0,0,0,0,0,-0,-0
24.86,-0,0,-0,0,0,-0,0,0,0,0,-0,-0
24.88,-0,0,-0,0,0,-0,-0,1e-05,-0,0,0,-0
24.9,-0,0,-0,0,0,-0,-0,0.0001,-0,0,0,-0
24.92,-0,0,-0,0,0,-0,-0,0.00023,-0,0,0,-0
24.94,-0,0,-0,0,0,-0,-0,0.00041,-0,0,0,-0
24.96,-0,0,-0,0,0,-0,-1e-05,0.00063,-1e-05,0,1e-05,-0
24.98,-0,0,-0,0,0,-0,-1e-05,0.00089,-1e-05,0,1e-05,-0
25,-0,0,-0,0,0,-0,-1e-05,0.00119,-1e-05,0,1e-05,-0
25.02,-0,0,-0,0,0,-0,-2e-05,0.00152,-2e-05,0,2e-05,-0
25.04,-0,0,-0,0,0,-0,-2e-05,0.00182,-2e-05,0,2e-05,-0
25.06,0,0,0,-0,-0,0,-2e-05,0.00208,-2e-05,-0,2e-05,0
25.08,0,0,0,-0,-0,0,-2e-05,0.00221,-2e-05,-0,2e-05,0
25.1,0,0,0,-0,-0,0,-2e-05,0.00215,-2e-05,-0,2e-05,0
25.12,0,0,0,-0,-0,0,-2e-05,0.00178,-2e-05,-0,2e-05,0
25.14,0,0,0,-0,-0,0,-1e-05,0.00098,-1e-05,-0,1e-05,0
25.16,0,0,0,-0,-0,0,0,0,0,-0,-0,0
25.18,0,0,0,-0,-0,0,3e-05,0,3e-05,-0,-3e-05,0
25.2,0,0,0,-0,-0,0,6e-05,0,6e-05,-0,-6e-05,0
25.22,0,0,0,-0,-0,0,0.0001,0,0.0001,-0,-0.0001,0
25.24,0,0,0,-0,-0,0,0.00015,0,0.00015,-0,-0.00015,0
25.26,0,0,0,-0,-0,0,0.00021,0,0.00021,-0,-0.00021,0
25.28,0,0,0,-0,-0,0,0.00027,0,0.00027,-0,-0.00027,0
25.3,0,0,0,-0,-0,0,0.00035,0,0.00035,-0,-0.00035,0
25.32,0,0,0,-0,-0,0,0.00042,0,0.00042,-0,-0.00042,0
25.34,-0,0,-0,0,0,-0,0.00047,0,0.00047,0,-0.00047,-0
25.36,-0,0,-0,0,0,-0,0.0005,0,0.0005,0,-0.0005,-0
25.38,-0,0,-0,0,0,-0,0.00048,0,0.00048,0,-0.00048,-0
25.4,-0,0,-0,0,0,-0,0.00039,0,0.00039,0,-0.00039,-0
25.42,-0,0,-0,0,0,-0,0.0002,0,0.0002,0,-0.0002,-0
25.44,-0,0,-0,0,0,-0,-0.00012,0.01209,-0.00012,0,0.00012,-0
25.46,-0,0,-0,0,0,-0,-0.00061,0.05956,-0.00061,0,0.00061,-0
25.48,-0,0,-0,0,0,-0,-0.00129,0.1261,-0.00129,0,0.00129,-0
25.5,-0,0,-0,0,0,-0,-0.00219,0.21407,-0.00219,0,0.00219,-0
25.52,-0,0,-0,0,0,-0,-0.00332,0.32441,-0.00332,0,0.00332,-0
25.54,-0,0,-0,0,0,-0,-0.00466,0.45582,-0.00466,0,0.00466,-0
25.56,-0,0,-0,0,0,-0,-0.00618,0.60362,-0.00618,0,0.00618,-0
25.58,-0,0,-0,0,0,-0,-0.00776,0.75847,-0.00776,0,0.00776,-0
25.6,-0,0,-0,0,0,-0,-0.00926,0.90491,-0.00926,0,0.00926,-0
25.62,0,0,0,-0,-0,0,-0.01044,1.01988,-0.01044,-0,0.01044,0
25.64,0,0,0,-0,-0,0,-0.01096,1.07141,-0.01096,-0,0.01096,0
25.66,0,0,0,-0,-0,0,-0.01041,1.01755,-0.01041,-0,0.01041,0
25.68,0,0,0,-0,-0,0,-0.00825,0.80611,-0.00825,-0,0.00825,0
25.7,0,0,0,-0,-0,0,-0.00384,0.37547,-0.00384,-0,0.00384,0
25.72,0,0,0,-0,-0,0,0.00351,0,0.00351,-0,-0.00351,0
25.74,0,0,0,-0,-0,0,0.01454,0,0.01454,-0,-0.01454,0
25.76,0,0,0,-0,-0,0,0.02991,0,0.02991,-0,-0.02991,0
25.78,0,0,0,-0,-0,0,0.05012,0,0.05012,-0,-0.05012,0
25.8,0,0,0,-0,-0,0,0.07537,0,0.07537,-0,-0.07537,0
25.82,0,0,0,-0,-0,0,0.1053,0,0.1053,-0,-0.1053,0
25.84,0,0,0,-0,-0,0,0.13877,0,0.13877,-0,-0.13877,0
25.86,0,0,0,-0,-0,0,0.17357,0,0.17357,-0,-0.17357,0
25.88,0,0,0,-0,-0,0,0.2061,0,0.2061,-0,-0.2061,0
25.9,-0,0,-0,0,0,-0,0.231,0,0.231,0,-0.231,-0
25.92,-0,0,-0,0,0,-0,0.2409,0,0.2409,0,-0.2409,-0
25.94,-0,0,-0,0,0,-0,0.22615,0,0.22615,0,-0.22615,-0
25.96,-0,0,-0,0,0,-0,0.17483,0,0.17483,0,-0.17483,-0
25.98,-0,0,-0,0,0,-0,0.07291,0,0.07291,0,-0.07291,-0
26,-0,0,-0,0,0,-0,-0.09514,9.2969,-0.09514,0,0.09514,-0
26.02,-0,0,-0,0,0,-0,-0.34524,33.73513,-0.34524,0,0.34524,-0
26.04,-0,0,-0,0,0,-0,-0.69196,67.61385,-0.69196,0,0.69196,-0
26.06,-0,0,-0,0,0,-0,-1.14589,111.96872,-1.14589,0,1.14589,-0
26.08,-0,0,-0,0,0,-0,-1.71014,167.10234,-1.71014,0,1.71014,-0
26.1,-0,0,-0,0,0,-0,-2.37571,232.13643,-2.37571,0,2.37571,-0
26.12,-0,0,-0,0,0,-0,-3.11589,304.46145,-3.11589,0,3.11589,-0
26.14,-0,0,-0,0,0,-0,-3.88411,379.52555,-3.88411,0,3.88411,-0
26.16,-0,0,-0,0,0,-0,-4.62429,451.85034,-4.62429,0,4.62429,-0
26.18,0,0,0,-0,-0,0,-5.28986,516.88418,-5.28986,-0,5.28986,0
26.2,0,0,0,-0,-0,0,-5.85411,572.01792,-5.85411,-0,5.85411,0
26.22,0,0,0,-0,-0,0,-6.30804,616.37369,-6.30804,-0,6.30804,0
26.24,0,0,0,-0,-0,0,-6.65476,650.25455,-6.65476,-0,6.65476,0
26.26,0,0,0,-0,-0,0,-6.90486,674.69657,-6.90486,-0,6.90486,0
26.28,0,0,0,-0,-0,0,-7.07291,691.12268,-7.07291,-0,7.07291,0
26.3,0,0,0,-0,-0,0,-7.17483,701.08963,-7.17483,-0,7.17483,0
26.32,0,0,0,-0,-0,0,-7.22615,706.11488,-7.22615,-0,7.22615,0
26.34,0,0,0,-0,-0,0,-7.2409,707.56875,-7.2409,-0,7.2409,0
26.36,0,0,0,-0,-0,0,-7.231,706.61711,-7.231,-0,7.231,0
26.38,0,0,0,-0,-0,0,-7.2061,704.20094,-7.2061,-0,7.2061,0
26.4,0,0,0,-0,-0,0,-7.17357,701.0414,-7.17357,-0,7.17357,0
26.42,0,0,0,-0,-0,0,-7.13877,697.66066,-7.13877,-0,7.13877,0
26.44,0,0,0,-0,-0,0,-7.1053,694.41129,-7.1053,-0,7.1053,0
26.46,-0,0,-0,0,0,-0,-7.07537,691.50875,-7.07537,0,7.07537,-0
26.48,-0,0,-0,0,0,-0,-7.05012,689.06322,-7.05012,0,7.05012,-0
26.5,-0,0,-0,0,0,-0,-7.02991,687.10849,-7.02991,0,7.02991,-0
26.52,-0,0,-0,0,0,-0,-7.01454,685.62667,-7.01454,0,7.01454,-0
26.54,-0,0,-0,0,0,-0,-7.00351,684.56814,-7.00351,0,7.00351,-0
26.56,-0,0,-0,0,0,-0,-6.99616,683.86693,-6.99616,0,6.99616,-0
26.58,-0,0,-0,0,0,-0,-6.99175,683.45191,-6.99175,0,6.99175,-0
26.6,-0,0,-0,0,0,-0,-6.98959,683.25432,-6.98959,0,6.98959,-0
26.62,-0,0,-0,0,0,-0,-6.98903,683.2125,-6.98903,0,6.98903,-0
26.64,-0,0,-0,0,0,-0,-6.98956,683.27427,-6.98956,0,6.98956,-0
26.66,-0,0,-0,0,0,-0,-6.99074,683.39774,-6.99074,0,6.99074,-0
26.68,-0,0,-0,0,0,-0,-6.99224,683.55099,-6.99224,0,6.99224,-0
26.7,-0,0,-0,0,0,-0,-6.99382,683.71107,-6.99382,0,6.99382,-0
26.72,-0,0,-0,0,0,-0,-6.99534,683.86265,-6.99534,0,6.99534,-0
26.74,0,0,0,-0,-0,0,-6.99668,683.99649,-6.99668,-0,6.99668,0
26.76,0,0,0,-0,-0,0,-6.99781,684.10807,-6.99781,-0,6.99781,0
26.78,0,0,0,-0,-0,0,-6.99871,684.19622,-6.99871,-0,6.99871,0
26.8,0,0,0,-0,-0,0,-6.99939,684.26203,-6.99939,-0,6.99939,0
26.82,0,0,0,-0,-0,0,-6.99988,684.30801,-6.99988,-0,6.99988,0
26.84,0,0,0,-0,-0,0,-7.0002,684.33731,-7.0002,-0,7.0002,0
26.86,0,0,0,-0,-0,0,-7.00039,684.35332,-7.00039,-0,7.00039,0
26.88,0,0,0,-0,-0,0,-7.00048,684.35928,-7.00048,-0,7.00048,0
26.9,0,0,0,-0,-0,0,-7.0005,684.35809,-7.0005,-0,7.0005,0
26.92,0,0,0,-0,-0,0,-7.00047,684.3522,-7.00047,-0,7.00047,0
26.94,0,0,0,-0,-0,0,-7.00042,684.34361,-7.00042,-0,7.00042,0
26.96,0,0,0,-0,-0,0,-7.00035,684.33383,-7.00035,-0,7.00035,0
26.98,0,0,0,-0,-0,0,-7.00028,684.32395,-7.00028,-0,7.00028,0
27,0,0,0,-0,-0,0,-7.00021,684.31469,-7.00021,-0,7.00021,0
27.02,-0,0,-0,0,0,-0,-7.00015,684.30648,-7.00015,0,7.00015,-0
27.04,-0,0,-0,0,0,-0,-7.00009,684.29948,-7.00009,0,7.00009,-0
27.06,-0,0,-0,0,0,-0,-7.00005,684.29366,-7.00005,0,7.00005,-0
27.08,-0,0,-0,0,0,-0,-7.00002,684.28882,-7.00002,0,7.00002,-0
27.1,-0,0,-0,0,0,-0,-6.99999,684.28466,-6.99999,0,6.99999,-0
27.12,-0,0,-0,0,0,-0,-6.99998,684.28082,-6.99998,0,6.99998,-0
27.14,-0,0,-0,0,0,-0,-6.99997,684.27685,-6.99997,0,6.99997,-0
27.16,-0,0,-0,0,0,-0,-6.99996,684.2723,-6.99996,0,6.99996,-0
27.18,-0,0,-0,0,0,-0,-6.99996,684.2667,-6.99996,0,6.99996,-0
27.2,-0,0,-0,0,0,-0,-6.99996,684.25962,-6.99996,0,6.99996,-0
27.22,-0,0,-0,0,0,-0,-6.99996,684.25063,-6.99996,0,6.99996,-0
27.24,-0,0,-0,0,0,-0,-6.99997,684.23934,-6.99997,0,6.99997,-0
27.26,-0,0,-0,0,0,-0,-6.99998,684.22544,-6.99998,0,6.99998,-0
27.28,0,0,0,-0,-0,0,-6.99999,684.20863,-6.99999,-0,6.99999,0
27.3,0,0,0,-0,-0,0,-7.00002,684.18872,-7.00002,-0,7.00002,0
27.32,0,0,0,-0,-0,0,-7.00005,684.16557,-7.00005,-0,7.00005,0
27.34,0,0,0,-0,-0,0,-7.00009,684.13912,-7.00009,-0,7.00009,0
27.36,0,0,0,-0,-0,0,-7.00014,684.1094,-7.00014,-0,7.00014,0
27.38,0,0,0,-0,-0,0,-7.00021,684.07653,-7.00021,-0,7.00021,0
27.4,0,0,0,-0,-0,0,-7.00027,684.04066,-7.00027,-0,7.00027,0
27.42,0,0,0,-0,-0,0,-7.00035,684.002,-7.00035,-0,7.00035,0
27.44,0,0,0,-0,-0,0,-7.00042,683.96065,-7.00042,-0,7.00042,0
27.46,0,0,0,-0,-0,0,-7.00047,683.9166,-7.00047,-0,7.00047,0
27.48,0,0,0,-0,-0,0,-7.0005,683.86958,-7.0005,-0,7.0005,0
27.5,0,0,0,-0,-0,0,-7.00048,683.81896,-7.00048,-0,7.00048,0
27.52,0,0,0,-0,-0,0,-7.00039,683.76364,-7.00039,-0,7.00039,0
27.54,0,0,0,-0,-0,0,-7.0002,683.70207,-7.0002,-0,7.0002,0
27.56,-0,0,-0,0,0,-0,-6.99988,683.63223,-6.99988,0,6.99988,-0
27.58,-0,2e-05,-0,0,0,-0,-6.9994,683.55181,-6.9994,0,6.9994,-0
27.6,-0,5e-05,-0,0,0,-0,-6.99872,683.45851,-6.99872,0,6.99872,-0
27.62,-0,9e-05,-0,0,0,-0,-6.99782,683.3505,-6.99782,0,6.99782,-0
27.64,-1e-05,0.00013,-1e-05,1e-05,1e-05,-1e-05,-6.9967,683.22712,-6.9967,1e-05,6.9967,-1e-05
27.66,-1e-05,0.00018,-1e-05,1e-05,1e-05,-1e-05,-6.99535,683.08975,-6.99535,1e-05,6.99535,-1e-05
27.68,-1e-05,0.00025,-1e-05,1e-05,1e-05,-1e-05,-6.99384,682.94298,-6.99384,1e-05,6.99384,-1e-05
27.7,-2e-05,0.00031,-2e-05,2e-05,2e-05,-2e-05,-6.99226,682.7959,-6.99226,2e-05,6.99226,-2e-05
27.72,-2e-05,0.00037,-2e-05,2e-05,2e-05,-2e-05,-6.99076,682.6636,-6.99076,2e-05,6.99076,-2e-05
27.74,-2e-05,0.00042,-2e-05,2e-05,2e-05,-2e-05,-6.98958,682.56866,-6.98958,2e-05,6.98958,-2e-05
27.76,-2e-05,0.00044,-2e-05,2e-05,2e-05,-2e-05,-6.98905,682.54252,-6.98904,2e-05,6.98904,-2e-05
27.78,-2e-05,0.00042,-2e-05,2e-05,2e-05,-2e-05,-6.98958,682.6265,-6.98958,2e-05,6.98958,-2e-05
27.8,-2e-05,0.00033,-2e-05,2e-05,2e-05,-2e-05,-6.99172,682.87212,-6.99172,2e-05,6.99172,-2e-05
27.82,-1e-05,0.00016,-1e-05,1e-05,1e-05,-1e-05,-6.9961,683.3403,-6.9961,1e-05,6.9961,-1e-05
27.84,0,0,0,-0,-0,0,-7.00341,684.09896,-7.00341,-0,7.00341,0
27.86,3e-05,0,3e-05,-3e-05,-3e-05,3e-05,-7.01439,685.21834,-7.01439,-3e-05,7.01439,3e-05
27.88,6e-05,0,6e-05,-6e-05,-6e-05,6e-05,-7.0297,686.76354,-7.0297,-6e-05,7.0297,6e-05
27.9,0.0001,0,0.0001,-0.0001,-0.0001,0.0001,-7.04985,688.78331,-7.04985,-0.0001,7.04985,0.0001
27.92,0.00015,0,0.00015,-0.00015,-0.00015,0.00015,-7.07502,691.29486,-7.07503,-0.00015,7.07503,0.00015
27.94,0.00021,0,0.00021,-0.00021,-0.00021,0.00021,-7.10488,694.26391,-7.10488,-0.00021,7.10488,0.00021
27.96,0.00027,0,0.00027,-0.00027,-0.00027,0.00027,-7.1383,697.58016,-7.1383,-0.00027,7.1383,0.00027
27.98,0.00035,0,0.00035,-0.00035,-0.00035,0.00035,-7.17307,701.02844,-7.17307,-0.00035,7.17307,0.00035
28,0.00042,0,0.00042,-0.00042,-0.00042,0.00042,-7.20562,704.25693,-7.20562,-0.00042,7.20562,0.00042
28.02,0.00047,0,0.00047,-0.00047,-0.00047,0.00047,-7.23061,706.74468,-7.23062,-0.00047,7.23062,0.00047
28.04,0.0005,0,0.0005,-0.0005,-0.0005,0.0005,-7.2407,707.77215,-7.2407,-0.0005,7.2407,0.0005
28.06,0.00048,0,0.00048,-0.00048,-0.00048,0.00048,-7.22627,706.4002,-7.22627,-0.00048,7.22627,0.00048
28.08,0.00039,0,0.00039,-0.00039,-0.00039,0.00039,-7.17543,701.46476,-7.17543,-0.00039,7.17544,0.00039
28.1,0.0002,0,0.0002,-0.0002,-0.0002,0.0002,-7.07419,691.59688,-7.0742,-0.0002,7.0742,0.0002
28.12,-0.00012,0.00364,-0.00012,0.00012,0.00012,-0.00012,-6.90705,675.27959,-6.90705,0.00012,6.90705,-0.00012
28.14,-0.00061,0.01355,-0.00061,0.00061,0.00061,-0.00061,-6.65807,650.95514,-6.65808,0.00061,6.65808,-0.00061
28.16,-0.00129,0.0273,-0.00129,0.00129,0.00129,-0.00129,-6.3127,617.19741,-6.3127,0.00129,6.3127,-0.00129
28.18,-0.00219,0.04532,-0.00219,0.00219,0.00219,-0.00219,-5.86028,572.96422,-5.86028,0.00219,5.86028,-0.00219
28.2,-0.00332,0.06775,-0.00332,0.00332,0.00332,-0.00332,-5.29762,517.94264,-5.29762,0.00332,5.29762,-0.00332
28.22,-0.00466,0.09423,-0.00466,0.00466,0.00466,-0.00466,-4.63355,452.99606,-4.63355,0.00466,4.63355,-0.00466
28.24,-0.00618,0.12372,-0.00618,0.00618,0.00618,-0.00618,-3.89455,380.71383,-3.89455,0.00618,3.89455,-0.00618
28.26,-0.00776,0.1542,-0.00776,0.00776,0.00776,-0.00776,-3.12686,305.62157,-3.12686,0.00776,3.12686,-0.00776
28.28,-0.00926,0.18241,-0.00926,0.00926,0.00926,-0.00926,-2.38612,233.16385,-2.38612,0.00926,2.38612,-0.00926
28.3,-0.01044,0.20355,-0.01044,0.01044,0.01044,-0.01044,-1.71839,167.84931,-1.71839,0.01044,1.71839,-0.01044
28.32,-0.01096,0.21101,-0.01096,0.01096,0.01096,-0.01096,-1.14974,112.23505,-1.14974,0.01096,1.14974,-0.01096
28.34,-0.01041,0.19621,-0.01041,0.01041,0.01041,-0.01041,-0.68845,67.14039,-0.68845,0.01041,0.68845,-0.01041
28.36,-0.00825,0.14857,-0.00825,0.00825,0.00825,-0.00825,-0.33071,32.20238,-0.33071,0.00825,0.33071,-0.00825
28.38,-0.00384,0.05567,-0.00384,0.00384,0.00384,-0.00384,-0.06524,6.33142,-0.06524,0.00384,0.06524,-0.00384
28.4,0.00351,0,0.00351,-0.00351,-0.00351,0.00351,0.12303,0,0.12303,-0.00351,-0.12303,0.00351
28.42,0.01454,0,0.01454,-0.01454,-0.01454,0.01454,0.2502,0,0.2502,-0.01454,-0.2502,0.01454
28.44,0.02991,0,0.02991,-0.02991,-0.02991,0.02991,0.33145,0,0.33145,-0.02991,-0.33145,0.02991
28.46,0.05012,0,0.05012,-0.05012,-0.05012,0.05012,0.37966,0,0.37966,-0.05012,-0.37966,0.05012
28.48,0.07537,0,0.07537,-0.07537,-0.07537,0.07537,0.40458,0,0.40458,-0.07537,-0.40458,0.07537
28.5,0.1053,0,0.1053,-0.1053,-0.1053,0.1053,0.4122,0,0.4122,-0.1053,-0.4122,0.1053
28.52,0.13877,0,0.13877,-0.13877,-0.13877,0.13877,0.40458,0,0.40458,-0.13877,-0.40458,0.13877
28.54,0.17357,0,0.17357,-0.17357,-0.17357,0.17357,0.37966,0,0.37966,-0.17357,-0.37966,0.17357
28.56,0.2061,0,0.2061,-0.2061,-0.2061,0.2061,0.33145,0,0.33145,-0.2061,-0.33145,0.2061
28.58,0.231,0,0.231,-0.231,-0.231,0.231,0.2502,0,0.2502,-0.231,-0.2502,0.231
28.6,0.2409,0,0.2409,-0.2409,-0.2409,0.2409,0.12303,0,0.12303,-0.2409,-0.12303,0.2409
28.62,0.22615,0,0.22615,-0.22615,-0.22615,0.22615,-0.06524,10.59133,-0.06524,-0.22615,0.06524,0.22615
28.64,0.17483,0,0.17483,-0.17483,-0.17483,0.17483,-0.33071,35.45698,-0.33071,-0.17483,0.33071,0.17483
28.66,0.07291,0,0.07291,-0.07291,-0.07291,0.07291,-0.68845,68.34301,-0.68845,-0.07291,0.68845,0.07291
28.68,-0.09514,2.48168,-0.09514,0.09514,0.09514,-0.09514,-1.14974,110.05363,-1.14974,0.09514,1.14974,-0.09514
28.7,-0.34524,7.57342,-0.34524,0.34524,0.34524,-0.34524,-1.71839,160.66102,-1.71839,0.34524,1.71839,-0.34524
28.72,-0.69196,14.56389,-0.69196,0.69196,0.69196,-0.69196,-2.38612,219.08517,-2.38612,0.69196,2.38612,-0.69196
28.74,-1.14589,23.63924,-1.14589,1.14589,1.14589,-1.14589,-3.12686,282.59014,-3.12686,1.14589,3.12686,-1.14589
28.76,-1.71014,34.82864,-1.71014,1.71014,1.71014,-1.71014,-3.89455,346.64073,-3.89455,1.71014,3.89455,-1.71014
28.78,-2.37571,47.91271,-2.37571,2.37571,2.37571,-2.37571,-4.63355,406.00944,-4.63355,2.37571,4.63355,-2.37571
28.8,-3.11589,62.31211,-3.11589,3.11589,3.11589,-3.11589,-5.29762,456.74326,-5.29762,3.11589,5.29762,-3.11589
28.82,-3.88411,77.05073,-3.88411,3.88411,3.88411,-3.88411,-5.86028,497.21853,-5.86028,3.88411,5.86028,-3.88411
28.84,-4.62429,90.98124,-4.62429,4.62429,4.62429,-4.62429,-6.3127,527.70748,-6.3127,4.62429,6.3127,-4.62429
28.86,-5.28986,103.18305,-5.28986,5.28986,5.28986,-5.28986,-6.65808,549.43416,-6.65808,5.28986,6.65808,-5.28986
28.88,-5.85411,113.17063,-5.85411,5.85411,5.85411,-5.85411,-6.90705,563.92086,-6.90705,5.85411,6.90705,-5.85411
28.9,-6.30804,120.83475,-6.30804,6.30804,6.30804,-6.30804,-7.0742,572.70119,-7.0742,6.30804,7.0742,-6.30804
28.92,-6.65476,126.31351,-6.65476,6.65476,6.65476,-6.65476,-7.17543,577.19558,-7.17543,6.65476,7.17544,-6.65476
28.94,-6.90486,129.8895,-6.90486,6.90486,6.90486,-6.90486,-7.22627,578.64084,-7.22627,6.90486,7.22627,-6.90486
28.96,-7.07291,131.91214,-7.07291,7.07291,7.07291,-7.07291,-7.2407,578.05987,-7.2407,7.07291,7.2407,-7.07291
28.98,-7.17483,132.74233,-7.17483,7.17483,7.17483,-7.17483,-7.23062,576.25945,-7.23061,7.17483,7.23062,-7.17483
29,-7.22615,132.71622,-7.22615,7.22615,7.22615,-7.22615,-7.20562,573.84617,-7.20562,7.22615,7.20562,-7.22615
29.02,-7.2409,132.12418,-7.2409,7.2409,7.2409,-7.2409,-7.17307,571.25234,-7.17307,7.2409,7.17308,-7.2409
29.04,-7.231,131.20147,-7.231,7.231,7.231,-7.231,-7.1383,568.76625,-7.1383,7.231,7.1383,-7.231
29.06,-7.2061,130.12734,-7.2061,7.2061,7.2061,-7.2061,-7.10488,566.5624,-7.10488,7.2061,7.10488,-7.2061
29.08,-7.17357,129.02973,-7.17357,7.17357,7.17357,-7.17357,-7.07502,564.72924,-7.07502,7.17357,7.07503,-7.17357
29.1,-7.13877,127.99316,-7.13877,7.13877,7.13877,-7.13877,-7.04985,563.29322,-7.04985,7.13877,7.04985,-7.13877
29.12,-7.1053,127.06784,-7.10529,7.1053,7.1053,-7.1053,-7.0297,562.23849,-7.0297,7.1053,7.0297,-7.1053
29.14,-7.07537,126.27871,-7.07537,7.07537,7.07537,-7.07537,-7.01439,561.52256,-7.01438,7.07537,7.01439,-7.07537
29.16,-7.05012,125.63348,-7.05011,7.05012,7.05012,-7.05012,-7.00341,561.08832,-7.00341,7.05012,7.00341,-7.05012
29.18,-7.0299,125.12907,-7.02989,7.0299,7.0299,-7.0299,-6.99609,560.87291,-6.99609,7.0299,6.99609,-7.0299
29.2,-7.01453,124.75657,-7.01452,7.01453,7.01453,-7.01453,-6.99171,560.81407,-6.99171,7.01453,6.99172,-7.01453
29.22,-7.00351,124.50461,-7.00349,7.0035,7.0035,-7.0035,-6.98957,560.8543,-6.98957,7.0035,6.98957,-7.0035
29.24,-6.99615,124.36155,-6.99613,6.99614,6.99614,-6.99614,-6.98903,560.94343,-6.98903,6.99614,6.98903,-6.99614
29.26,-6.99174,124.31669,-6.99172,6.99173,6.99173,-6.99173,-6.98956,561.03983,-6.98956,6.99173,6.98956,-6.99173
29.28,-6.98958,124.36075,-6.98955,6.98956,6.98956,-6.98956,-6.99074,561.11078,-6.99074,6.98956,6.99074,-6.98956
29.3,-6.98902,124.48591,-6.989,6.98901,6.98901,-6.98901,-6.99224,561.13211,-6.99224,6.98901,6.99224,-6.98901
29.32,-6.98955,124.68552,-6.98953,6.98954,6.98954,-6.98954,-6.99382,561.08749,-6.99382,6.98954,6.99382,-6.98954
29.34,-6.99072,124.95359,-6.99072,6.99072,6.99072,-6.99072,-6.99533,560.96754,-6.99533,6.99072,6.99534,-6.99072
29.36,-6.99222,125.28423,-6.99224,6.99223,6.99223,-6.99223,-6.99668,560.76894,-6.99668,6.99223,6.99669,-6.99223
29.38,-6.9938,125.67107,-6.99385,6.99383,6.99382,-6.99383,-6.99782,560.49358,-6.99782,6.99383,6.99783,-6.99383
29.4,-6.99531,126.10654,-6.99541,6.99536,6.99536,-6.99536,-6.99874,560.14781,-6.99874,6.99536,6.99874,-6.99536
29.42,-6.99666,126.58148,-6.99681,6.99674,6.99673,-6.99674,-6.99945,559.74191,-6.99945,6.99674,6.99945,-6.99674
29.44,-6.9978,127.08465,-6.99801,6.9979,6.9979,-6.9979,-6.99997,559.28952,-6.99997,6.9979,6.99998,-6.9979
29.46,-6.99871,127.60271,-6.999,6.99886,6.99885,-6.99886,-7.00035,558.80708,-7.00034,6.99886,7.00035,-6.99886
29.48,-6.99942,128.1203,-6.99978,6.9996,6.99959,-6.9996,-7.00059,558.31313,-7.00059,6.9996,7.0006,-6.9996
29.5,-6.99993,128.62062,-7.00037,7.00015,7.00014,-7.00015,-7.00075,557.82755,-7.00075,7.00015,7.00075,-7.00015
29.52,-7.00029,129.08615,-7.0008,7.00054,7.00054,-7.00054,-7.00084,557.37048,-7.00084,7.00054,7.00085,-7.00054
29.54,-7.00053,129.49964,-7.00107,7.0008,7.0008,-7.0008,-7.00089,556.96136,-7.00089,7.0008,7.00089,-7.0008
29.56,-7.00069,129.8451,-7.00121,7.00095,7.00095,-7.00095,-7.00089,556.61778,-7.00089,7.00095,7.00089,-7.00095
29.58,-7.00077,130.10885,-7.00122,7.001,7.001,-7.001,-7.00084,556.35451,-7.00084,7.001,7.00084,-7.001
29.6,-7.00082,130.28033,-7.00108,7.00095,7.00096,-7.00095,-7.00075,556.18265,-7.00075,7.00095,7.00075,-7.00095
29.62,-7.00083,130.35283,-7.00078,7.0008,7.00083,-7.0008,-7.00059,556.10894,-7.00059,7.0008,7.00059,-7.0008
29.64,-7.00082,130.32398,-7.00027,7.00054,7.00058,-7.00054,-7.00034,556.13529,-7.00034,7.00054,7.00034,-7.00054
29.66,-7.00077,130.19601,-6.99953,7.00015,7.00021,-7.00015,-6.99997,556.25842,-6.99997,7.00015,6.99997,-7.00015
29.68,-7.00069,129.97573,-6.99851,6.9996,6.99967,-6.9996,-6.99945,556.47001,-6.99945,6.9996,6.99945,-6.9996
29.7,-7.00053,129.67394,-6.99718,6.99886,6.99895,-6.99886,-6.99873,556.75716,-6.99873,6.99886,6.99873,-6.99886
29.72,-7.00029,129.30423,-6.99552,6.9979,6.99803,-6.9979,-6.99781,557.10371,-6.99781,6.9979,6.99781,-6.9979
29.74,-6.99993,128.88111,-6.99354,6.99674,6.99688,-6.99674,-6.99667,557.49216,-6.99667,6.99674,6.99667,-6.99674
29.76,-6.99942,128.41748,-6.9913,6.99536,6.99551,-6.99536,-6.99532,557.9064,-6.99532,6.99536,6.99532,-6.99536
29.78,-6.99871,127.92191,-6.98894,6.99383,6.99398,-6.99383,-6.9938,558.33478,-6.9938,6.99383,6.9938,-6.99383
29.8,-6.9978,127.39599,-6.98666,6.99223,6.99237,-6.99223,-6.99221,558.77323,-6.99221,6.99223,6.99221,-6.99223
29.82,-6.99666,126.83247,-6.98478,6.99072,6.99081,-6.99072,-6.99072,559.22778,-6.99072,6.99072,6.99072,-6.99072
29.84,-6.99531,126.21454,-6.98377,6.98954,6.98955,-6.98954,-6.98954,559.71625,-6.98954,6.98954,6.98954,-6.98954
29.86,-6.9938,125.51641,-6.98422,6.98901,6.98889,-6.98901,-6.98902,560.26876,-6.98902,6.98901,6.98902,-6.98901
29.88,-6.99222,124.70543,-6.98691,6.98956,6.98926,-6.98956,-6.98957,560.92696,-6.98957,6.98956,6.98957,-6.98956
29.9,-6.99072,123.74539,-6.99274,6.99173,6.99117,-6.99173,-6.99174,561.74223,-6.99174,6.99173,6.99174,-6.99173
29.92,-6.98955,122.60095,-7.00274,6.99614,6.99526,-6.99614,-6.99615,562.77277,-6.99615,6.99614,6.99615,-6.99614
29.94,-6.98902,121.24298,-7.01797,7.0035,7.00222,-7.0035,-7.00351,564.07965,-7.0035,7.0035,7.00351,-7.0035
29.96,-6.98958,119.65475,-7.03948,7.01453,7.01279,-7.01453,-7.01453,565.72167,-7.01453,7.01453,7.01453,-7.01453
29.98,-6.99174,117.8391,-7.06805,7.0299,7.02767,-7.0299,-7.0299,567.7485,-7.0299,7.0299,7.0299,-7.0299
30,-6.99615,115.8267,-7.10409,7.05012,7.0474,-7.05012,-7.05012,570.19161,-7.05012,7.05012,7.05012,-7.05012
30.02,-7.00351,113.68559,-7.14723,7.07537,7.07223,-7.07537,-7.07537,573.05229,-7.07537,7.07537,7.07537,-7.07537
30.04,-7.01453,111.53193,-7.19606,7.1053,7.10189,-7.1053,-7.1053,576.28612,-7.1053,7.1053,7.1053,-7.1053
30.06,-7.02991,109.54163,-7.24763,7.13877,7.13537,-7.13877,-7.13877,579.7837,-7.13877,7.13877,7.13877,-7.13877
30.08,-7.05013,107.96209,-7.29702,7.17357,7.17061,-7.17357,-7.17357,583.34762,-7.17357,7.17357,7.17357,-7.17357
30.1,-7.07537,107.12227,-7.33683,7.2061,7.2042,-7.2061,-7.2061,586.66679,-7.2061,7.2061,7.2061,-7.2061
30.12,-7.1053,107.43913,-7.35671,7.231,7.23099,-7.231,-7.231,589.29,-7.231,7.231,7.231,-7.231
30.14,-7.13877,109.4167,-7.34303,7.2409,7.24383,-7.2409,-7.2409,590.60185,-7.2409,7.2409,7.2409,-7.2409
30.16,-7.17357,113.63406,-7.27872,7.22615,7.23331,-7.22615,-7.22615,589.8058,-7.22615,7.22615,7.22615,-7.22615
30.18,-7.2061,120.71686,-7.14355,7.17483,7.18768,-7.17483,-7.17483,585.92062,-7.17482,7.17483,7.17483,-7.17483
30.2,-7.231,131.28689,-6.91481,7.07291,7.09302,-7.07291,-7.0729,577.79826,-7.0729,7.07291,7.07291,-7.07291
30.22,-7.2409,145.88364,-6.56882,6.90486,6.93378,-6.90486,-6.90486,564.17286,-6.90486,6.90486,6.90486,-6.90486
30.24,-7.22615,164.85224,-6.08336,6.65476,6.69379,-6.65476,-6.65475,543.75219,-6.65475,6.65476,6.65476,-6.65476
30.26,-7.17483,188.19301,-5.44125,6.30804,6.35795,-6.30804,-6.30804,515.36333,-6.30804,6.30804,6.30804,-6.30804
30.28,-7.07291,215.37049,-4.63531,5.85411,5.91472,-5.85411,-5.8541,478.16469,-5.8541,5.85411,5.85411,-5.85411
30.3,-6.90486,245.08358,-3.67486,5.28986,5.35958,-5.28986,-5.28986,431.93419,-5.28986,5.28986,5.28986,-5.28986
30.32,-6.65476,275.00436,-2.59383,4.62429,4.69947,-4.62429,-4.62429,377.43966,-4.62429,4.62429,4.62429,-4.62429
30.34,-6.30804,301.50155,-1.46018,3.88411,3.95837,-3.88411,-3.88411,316.89024,-3.88411,3.88411,3.88411,-3.88411
30.36,-5.85411,319.72871,-0.37768,3.11589,3.18015,-3.11589,-3.11589,254.10246,-3.11589,3.11589,3.11589,-3.11589
30.38,-5.28986,324.81928,0.53845,2.37571,2.42052,-2.37571,-2.37571,193.64936,-2.3757,2.37571,2.37571,-2.37571
30.4,-4.62429,313.87043,1.20402,1.71014,1.73024,-1.71014,-1.71014,139.32114,-1.71014,1.71014,1.71014,-1.71014
30.42,-3.88411,287.33293,1.59232,1.14589,1.14279,-1.14589,-1.14589,93.28551,-1.14589,1.14589,1.14589,-1.14589
30.44,-3.11589,249.04578,1.73197,0.69196,0.67203,-0.69196,-0.69196,56.26654,-0.69196,0.69196,0.69196,-0.69196
30.46,-2.37571,204.76022,1.68522,0.34524,0.31575,-0.34524,-0.34524,28.00428,-0.34524,0.34524,0.34524,-0.34524
30.48,-1.71014,159.90851,1.51986,0.09514,0.06188,-0.09514,-0.09514,7.62855,-0.09514,0.09514,0.09514,-0.09514
30.5,-1.14589,118.29679,1.29171,-0.07291,-0.10591,0.07291,0.07291,0,0.07291,-0.07291,-0.07291,0.07291
30.52,-0.69196,82.10586,1.04161,-0.17483,-0.20501,0.17483,0.17483,0,0.17483,-0.17483,-0.17483,0.17483
30.54,-0.34524,52.29891,0.79754,-0.22615,-0.2521,0.22615,0.22615,0,0.22615,-0.22615,-0.22615,0.22615
30.56,-0.09514,28.98082,0.57693,-0.2409,-0.26205,0.2409,0.2409,0,0.2409,-0.2409,-0.2409,0.2409
30.58,0.07291,11.6976,0.3891,-0.231,-0.24738,0.231,0.231,0,0.231,-0.231,-0.231,0.231
30.6,0.17483,0,0.23738,-0.2061,-0.2181,0.2061,0.2061,0,0.2061,-0.2061,-0.2061,0.2061
30.62,0.22615,0,0.121,-0.17357,-0.1818,0.17357,0.17357,0,0.17357,-0.17357,-0.17357,0.17357
30.64,0.2409,0,0.03664,-0.13877,-0.14391,0.13877,0.13877,0,0.13877,-0.13877,-0.13877,0.13877
30.66,0.231,0,-0.02041,-0.1053,-0.10805,0.1053,0.1053,0,0.1053,-0.1053,-0.1053,0.1053
30.68,0.2061,0,-0.05536,-0.07537,-0.07638,0.07537,0.07537,0,0.07537,-0.07537,-0.07537,0.07537
30.7,0.17357,0,-0.07332,-0.05012,-0.04992,0.05012,0.05012,0,0.05012,-0.05012,-0.05012,0.05012
30.72,0.13877,0,-0.07896,-0.02991,-0.02895,0.02991,0.02991,0,0.02991,-0.02991,-0.02991,0.02991
30.74,0.1053,0,-0.07623,-0.01454,-0.01317,0.01454,0.01454,0,0.01454,-0.01454,-0.01454,0.01454
30.76,0.07537,0,-0.06835,-0.00351,-0.00199,0.00351,0.00351,0,0.00351,-0.00351,-0.00351,0.00351
30.78,0.05012,0,-0.05781,0.00384,0.00534,-0.00384,-0.00384,0.31815,-0.00384,0.00384,0.00384,-0.00384
30.8,0.02991,0,-0.04641,0.00825,0.00961,-0.00825,-0.00825,0.67648,-0.00825,0.00825,0.00825,-0.00825
30.82,0.01454,0,-0.03536,0.01041,0.01158,-0.01041,-0.01041,0.85196,-0.01041,0.01041,0.01041,-0.01041
30.84,0.00351,0,-0.02544,0.01096,0.01191,-0.01096,-0.01096,0.89606,-0.01096,0.01096,0.01096,-0.01096
30.86,-0.00384,0,-0.01703,0.01044,0.01116,-0.01044,-0.01044,0.85236,-0.01044,0.01044,0.01044,-0.01044
30.88,-0.00825,0.05335,-0.01027,0.00926,0.00979,-0.00926,-0.00926,0.75586,-0.00926,0.00926,0.00926,-0.00926
30.9,-0.01041,0.38776,-0.00511,0.00776,0.00812,-0.00776,-0.00776,0.63325,-0.00776,0.00776,0.00776,-0.00776
30.92,-0.01096,0.57109,-0.00139,0.00618,0.0064,-0.00618,-0.00618,0.50374,-0.00618,0.00618,0.00618,-0.00618
30.94,-0.01044,0.64279,0.00111,0.00466,0.00478,-0.00466,-0.00466,0.38021,-0.00466,0.00466,0.00466,-0.00466
30.96,-0.00926,0.63713,0.00262,0.00332,0.00336,-0.00332,-0.00332,0.27045,-0.00332,0.00332,0.00332,-0.00332
30.98,-0.00776,0.58232,0.00338,0.00219,0.00218,-0.00219,-0.00219,0.17832,-0.00219,0.00219,0.00219,-0.00219
31,-0.00618,0.50039,0.0036,0.00129,0.00124,-0.00129,-0.00129,0.10491,-0.00129,0.00129,0.00129,-0.00129
31.02,-0.00466,0.40765,0.00345,0.00061,0.00055,-0.00061,-0.00061,0.0494,-0.00061,0.00061,0.00061,-0.00061
31.04,-0.00332,0.31542,0.00307,0.00012,5e-05,-0.00012,-0.00012,0.00983,-0.00012,0.00012,0.00012,-0.00012
31.06,-0.00219,0.23093,0.00259,-0.0002,-0.00027,0.0002,0.0002,0,0.0002,-0.0002,-0.0002,0.0002
31.08,-0.00129,0.15819,0.00207,-0.00039,-0.00045,0.00039,0.00039,0,0.00039,-0.00039,-0.00039,0.00039
31.1,-0.00061,0.09883,0.00157,-0.00048,-0.00053,0.00048,0.00048,0,0.00048,-0.00048,-0.00048,0.00048
31.12,-0.00012,0.05282,0.00112,-0.0005,-0.00054,0.0005,0.0005,0,0.0005,-0.0005,-0.0005,0.0005
31.14,0.0002,0.01907,0.00074,-0.00047,-0.0005,0.00047,0.00047,0,0.00047,-0.00047,-0.00047,0.00047
31.16,0.00039,0,0.00044,-0.00042,-0.00044,0.00042,0.00042,0,0.00042,-0.00042,-0.00042,0.00042
31.18,0.00048,0,0.00022,-0.00035,-0.00036,0.00035,0.00035,0,0.00035,-0.00035,-0.00035,0.00035
31.2,0.0005,0,5e-05,-0.00027,-0.00028,0.00027,0.00027,0,0.00027,-0.00027,-0.00027,0.00027
31.22,0.00047,0,-6e-05,-0.00021,-0.00021,0.00021,0.00021,0,0.00021,-0.00021,-0.00021,0.00021
31.24,0.00042,0,-0.00012,-0.00015,-0.00015,0.00015,0.00015,0,0.00015,-0.00015,-0.00015,0.00015
31.26,0.00035,0,-0.00016,-0.0001,-9e-05,0.0001,0.0001,0,0.0001,-0.0001,-0.0001,0.0001
31.28,0.00027,0,-0.00016,-6e-05,-5e-05,6e-05,6e-05,0,6e-05,-6e-05,-6e-05,6e-05
31.3,0.00021,0,-0.00016,-3e-05,-2e-05,3e-05,3e-05,0,3e-05,-3e-05,-3e-05,3e-05
31.32,0.00015,0,-0.00014,-0,-0,0,0,0,0,-0,-0,0
31.34,0.0001,0,-0.00012,1e-05,1e-05,-1e-05,-1e-05,0.00082,-1e-05,1e-05,1e-05,-1e-05
31.36,6e-05,0,-9e-05,2e-05,2e-05,-2e-05,-2e-05,0.00149,-2e-05,2e-05,2e-05,-2e-05
31.38,3e-05,0,-7e-05,2e-05,2e-05,-2e-05,-2e-05,0.0018,-2e-05,2e-05,2e-05,-2e-05
31.4,0,0,-5e-05,2e-05,2e-05,-2e-05,-2e-05,0.00185,-2e-05,2e-05,2e-05,-2e-05
31.42,-1e-05,0,-3e-05,2e-05,2e-05,-2e-05,-2e-05,0.00174,-2e-05,2e-05,2e-05,-2e-05
31.44,-2e-05,0.00026,-2e-05,2e-05,2e-05,-2e-05,-2e-05,0.00152,-2e-05,2e-05,2e-05,-2e-05
31.46,-2e-05,0.00089,-1e-05,2e-05,2e-05,-2e-05,-2e-05,0.00126,-2e-05,2e-05,2e-05,-2e-05
31.48,-2e-05,0.00122,-0,1e-05,1e-05,-1e-05,-1e-05,0.001,-1e-05,1e-05,1e-05,-1e-05
31.5,-2e-05,0.00134,0,1e-05,1e-05,-1e-05,-1e-05,0.00075,-1e-05,1e-05,1e-05,-1e-05
31.52,-2e-05,0.00131,1e-05,1e-05,1e-05,-1e-05,-1e-05,0.00052,-1e-05,1e-05,1e-05,-1e-05
31.54,-2e-05,0.00118,1e-05,0,0,-0,-0,0.00034,-0,0,0,-0
31.56,-1e-05,0.001,1e-05,0,0,-0,-0,0.00019,-0,0,0,-0
31.58,-1e-05,0.00081,1e-05,0,0,-0,-0,9e-05,-0,0,0,-0
31.6,-1e-05,0.00062,1e-05,0,-0,-0,-0,1e-05,-0,0,0,-0
31.62,-0,0.00045,1e-05,-0,-0,0,0,0,0,-0,-0,0
31.64,-0,0.0003,0,-0,-0,0,0,0,0,-0,-0,0
31.66,-0,0.00019,0,-0,-0,0,0,0,0,-0,-0,0
31.68,-0,0.0001,0,-0,-0,0,0,0,0,-0,-0,0
31.7,0,3e-05,0,-0,-0,0,0,0,0,-0,-0,0
31.72,0,0,0,-0,-0,0,0,0,0,-0,-0,0
31.74,0,0,0,-0,-0,0,0,0,0,-0,-0,0
31.76,0,0,0,-0,-0,0,0,0,0,-0,-0,0
31.78,0,0,-0,-0,-0,0,0,0,0,-0,-0,0
31.8,0,0,-0,-0,-0,0,0,0,0,-0,-0,0
31.82,0,0,-0,-0,-0,0,0,0,0,-0,-0,0
31.84,0,0,-0,-0,-0,0,0,0,0,-0,-0,0
31.86,0,0,-0,-0,-0,0,0,0,0,-0,-0,0
31.88,0,0,-0,-0,0,0,0,0,0,-0,-0,0
31.9,0,0,-0,0,0,-0,-0,0,-0,0,0,-0
31.92,0,0,-0,0,0,-0,-0,0,-0,0,0,-0
31.94,0,0,-0,0,0,-0,-0,0,-0,0,0,-0
31.96,0,0,-0,0,0,-0,-0,0,-0,0,0,-0
31.98,-0,0,-0,0,0,-0,-0,0,-0,0,0,-0
32,-0,0,-0,0,0,-0,-0,0,-0,0,0,-0
32.02,-0,0,-0,0,0,-0,-0,0,-0,0,0,-0
32.04,-0,0,-0,0,0,-0,-0,0,-0,0,0,-0
32.06,-0,0,0,0,0,-0,-0,0,-0,0,0,-0
32.08,-0,0,0,0,0,-0,-0,0,-0,0,0,-0
32.1,-0,0,0,0,0,-0,-0,0,-0,0,0,-0
32.12,-0,0,0,0,0,-0,-0,0,-0,0,0,-0
32.14,-0,0,0,0,0,-0,-0,0,-0,0,0,-0
32.16,-0,0,0,-0,-0,0,0,0,0,-0,-0,0
32.18,-0,0,0,-0,-0,0,0,0,0,-0,-0,0
32.2,-0,0,0,-0,-0,0,0,0,0,-0,-0,0
32.22,-0,0,0,-0,-0,0,0,0,0,-0,-0,0
32.24,0,0,0,-0,-0,0,0,0,0,-0,-0,0
32.26,0,0,0,-0,-0,0,0,0,0,-0,-0,0
32.28,0,0,0,-0,-0,0,0,0,0,-0,-0,0
32.3,0,0,0,-0,-0,0,0,0,0,-0,-0,0
32.32,0,0,0,-0,-0,0,0,0,0,-0,-0,0
32.34,0,0,-0,-0,-0,0,0,0,0,-0,-0,0
32.36,0,0,-0,-0,-0,0,0,0,0,-0,-0,0
32.38,0,0,-0,-0,-0,0,0,0,0,-0,-0,0
32.4,0,0,-0,-0,-0,0,0,0,0,-0,-0,0
32.42,0,0,-0,-0,-0,0,0,0,0,-0,-0,0
32.44,0,0,-0,0,0,-0,-0,0,-0,0,0,-0
32.46,0,0,-0,0,0,-0,-0,0,-0,0,0,-0
32.48,0,0,-0,0,0,-0,-0,0,-0,0,0,-0
32.5,0,0,-0,0,0,-0,-0,0,-0,0,0,-0
32.52,-0,0,-0,0,0,-0,-0,0,-0,0,0,-0
32.54,-0,0,-0,0,0,-0,-0,0,-0,0,0,-0
32.56,-0,0,-0,0,0,-0,-0,0,-0,0,0,-0
32.58,-0,0,-0,0,0,-0,-0,0,-0,0,0,-0
32.6,-0,0,0,0,0,-0,-0,0,-0,0,0,-0
32.62,-0,0,0,0,0,-0,-0,0,-0,0,0,-0
32.64,-0,0,0,0,0,-0,-0,0,-0,0,0,-0
32.66,-0,0,0,0,0,-0,-0,0,-0,0,0,-0
32.68,-0,0,0,0,0,-0,-0,0,-0,0,0,-0
32.7,-0,0,0,0,0,-0,-0,0,-0,0,0,-0
32.72,-0,0,0,-0,-0,0,0,0,0,-0,-0,0
32.74,-0,0,0,-0,-0,0,0,0,0,-0,-0,0
32.76,-0,0,0,-0,-0,0,0,0,0,-0,-0,0
32.78,-0,0,0,-0,-0,0,0,0,0,-0,-0,0
32.8,0,0,0,-0,-0,0,0,0,0,-0,-0,0
32.82,0,0,0,-0,-0,0,0,0,0,-0,-0,0
32.84,0,0,0,-0,-0,0,0,0,0,-0,-0,0
32.86,0,0,0,-0,-0,0,0,0,0,-0,-0,0
32.88,0,0,-0,-0,-0,0,0,0,0,-0,-0,0
32.9,0,0,-0,-0,-0,0,0,0,0,-0,-0,0
32.92,0,0,-0,-0,-0,0,0,0,0,-0,-0,0
32.94,0,0,-0,-0,-0,0,0,0,0,-0,-0,0
32.96,0,0,-0,-0,-0,0,0,0,0,-0,-0,0
32.98,0,0,-0,-0,-0,0,0,0,0,-0,-0,0
33,0,0,-0,0,0,-0,-0,0,-0,0,0,-0
33.02,0,0,-0,0,0,-0,-0,0,-0,0,0,-0
33.04,0,0,-0,0,0,-0,-0,0,-0,0,0,-0
33.06,0,0,-0,0,0,-0,-0,0,-0,0,0,-0
33.08,-0,0,-0,0,0,-0,-0,0,-0,0,0,-0
33.1,-0,0,-0,0,0,-0,-0,0,-0,0,0,-0
33.12,-0,0,-0,0,0,-0,-0,0,-0,0,0,-0
33.14,-0,0,-0,0,0,-0,-0,0,-0,0,0,-0
33.16,-0,0,0,0,0,-0,-0,0,-0,0,0,-0
33.18,-0,0,0,0,0,-0,-0,0,-0,0,0,-0
33.2,-0,0,0,0,0,-0,-0,0,-0,0,0,-0
33.22,-0,0,0,0,0,-0,-0,0,-0,0,0,-0
33.24,-0,0,0,0,0,-0,-0,0,-0,0,0,-0
33.26,-0,0,0,0,0,-0,-0,0,-0,0,0,-0
33.28,-0,0,0,-0,-0,0,0,0,0,-0,-0,0
33.3,-0,0,0,-0,-0,0,0,0,0,-0,-0,0
33.32,-0,0,0,-0,-0,0,0,0,0,-0,-0,0
33.34,-0,0,0,-0,-0,0,0,0,0,-0,-0,0
33.36,0,0,0,-0,-0,0,0,0,0,-0,-0,0
33.38,0,0,0,-0,-0,0,0,0,0,-0,-0,0
33.4,0,0,0,-0,-0,0,0,0,0,-0,-0,0
33.42,0,0,0,-0,-0,0,0,0,0,-0,-0,0
33.44,0,0,-0,-0,-0,0,0,0,0,-0,-0,0
33.46,0,0,-0,-0,-0,0,0,0,0,-0,-0,0
33.48,0,0,-0,-0,-0,0,0,0,0,-0,-0,0
33.5,0,0,-0,-0,-0,0,0,0,0,-0,-0,0
33.52,0,0,-0,-0,-0,0,0,0,0,-0,-0,0
33.54,0,0,-0,-0,-0,0,0,0,0,-0,-0,0
33.56,0,0,-0,0,0,-0,-0,0,-0,0,0,-0
33.58,0,0,-0,0,0,-0,-0,0,-0,0,0,-0
33.6,0,0,-0,0,0,-0,-0,0,-0,0,0,-0
33.62,0,0,-0,0,0,-0,-0,0,-0,0,0,-0
33.64,-0,0,-0,0,0,-0,-0,0,-0,0,0,-0
33.66,-0,0,-0,0,0,-0,-0,0,-0,0,0,-0
33.68,-0,0,-0,0,0,-0,-0,0,-0,0,0,-0
33.7,-0,0,-0,0,0,-0,-0,0,-0,0,0,-0
33.72,-0,0,0,0,0,-0,-0,0,-0,0,0,-0
33.74,-0,0,0,0,0,-0,-0,0,-0,0,0,-0
33.76,-0,0,0,0,0,-0,-0,0,-0,0,0,-0
33.78,-0,0,0,0,0,-0,-0,0,-0,0,0,-0
33.8,-0,0,0,0,0,-0,-0,0,-0,0,0,-0
33.82,-0,0,0,0,0,-0,-0,0,-0,0,0,-0
33.84,-0,0,0,-0,-0,0,0,0,0,-0,-0,0
33.86,-0,0,0,-0,-0,0,0,0,0,-0,-0,0
33.88,-0,0,0,-0,-0,0,0,0,0,-0,-0,0
33.9,-0,0,0,-0,-0,0,0,0,0,-0,-0,0
33.92,0,0,0,-0,-0,0,0,0,0,-0,-0,0
33.94,0,0,0,-0,-0,0,0,0,0,-0,-0,0
33.96,0,0,0,-0,-0,0,0,0,0,-0,-0,0
33.98,0,0,0,-0,-0,0,0,0,0,-0,-0,0
34,0,0,-0,-0,-0,0,0,0,0,-0,-0,0
34.02,0,0,-0,-0,-0,0,0,0,0,-0,-0,0
34.04,0,0,-0,-0,-0,0,0,0,0,-0,-0,0
34.06,0,0,-0,-0,-0,0,0,0,0,-0,-0,0
34.08,0,0,-0,-0,-0,0,0,0,0,-0,-0,0
34.1,0,0,-0,-0,-0,0,0,0,0,-0,-0,0
34.12,0,0,-0,0,0,-0,-0,0,-0,0,0,-0
34.14,0,0,-0,0,0,-0,-0,0,-0,0,0,-0
34.16,0,0,-0,0,0,-0,-0,0,-0,0,0,-0
34.18,0,0,-0,0,0,-0,-0,0,-0,0,0,-0
34.2,-0,0,-0,0,0,-0,-0,0,-0,0,0,-0
34.22,-0,0,-0,0,0,-0,-0,0,-0,0,0,-0
34.24,-0,0,-0,0,0,-0,-0,0,-0,0,0,-0
34.26,-0,0,-0,0,0,-0,-0,0,-0,0,0,-0
34.28,-0,0,0,0,0,-0,-0,0,-0,0,0,-0
34.3,-0,0,0,0,0,-0,-0,0,-0,0,0,-0
34.32,-0,0,0,0,0,-0,-0,0,-0,0,0,-0
34.34,-0,0,0,0,0,-0,-0,0,-0,0,0,-0
34.36,-0,0,0,0,0,-0,-0,0,-0,0,0,-0
34.38,-0,0,0,0,0,-0,-0,0,-0,0,0,-0
34.4,-0,0,0,-0,-0,0,0,0,0,-0,-0,0
34.42,-0,0,0,-0,-0,0,0,0,0,-0,-0,0
34.44,-0,0,0,-0,-0,0,0,0,0,-0,-0,0
34.46,-0,0,0,-0,-0,0,0,0,0,-0,-0,0
34.48,0,0,0,-0,-0,0,0,0,0,-0,-0,0
34.5,0,0,0,-0,-0,0,0,0,0,-0,-0,0
34.52,0,0,0,-0,-0,0,0,0,0,-0,-0,0
34.54,0,0,0,-0,-0,0,0,0,0,-0,-0,0
34.56,0,0,-0,-0,-0,0,0,0,0,-0,-0,0
34.58,0,0,-0,-0,-0,0,0,0,0,-0,-0,0
34.6,0,0,-0,-0,-0,0,0,0,0,-0,-0,0
34.62,0,0,-0,-0,-0,0,0,0,0,-0,-0,0
34.64,0,0,-0,-0,-0,0,0,0,0,-0,-0,0
34.66,0,0,-0,-0,0,0,0,0,0,-0,-0,0
34.68,0,0,-0,0,0,-0,-0,0,-0,0,0,-0
34.7,0,0,-0,0,0,-0,-0,0,-0,0,0,-0
34.72,0,0,-0,0,0,-0,-0,0,-0,0,0,-0
34.74,0,0,-0,0,0,-0,-0,0,-0,0,0,-0
34.76,-0,0,-0,0,0,-0,-0,0,-0,0,0,-0
34.78,-0,0,-0,0,0,-0,-0,0,-0,0,0,-0
34.8,-0,0,-0,0,0,-0,-0,0,-0,0,0,-0
34.82,-0,0,-0,0,0,-0,-0,0,-0,0,0,-0
34.84,-0,0,0,0,0,-0,-0,0,-0,0,0,-0
34.86,-0,0,0,0,0,-0,-0,0,-0,0,0,-0
34.88,-0,0,0,0,0,-0,-0,0,-0,0,0,-0
34.9,-0,0,0,0,0,-0,-0,0,-0,0,0,-0
34.92,-0,0,0,0,0,-0,-0,0,-0,0,0,-0
34.94,-0,0,0,0,-0,-0,-0,0,-0,0,0,-0
34.96,-0,0,0,-0,-0,0,0,0,0,-0,-0,0
34.98,-0,0,0,-0,-0,0,0,0,0,-0,-0,0
35,-0,0,0,-0,-0,0,0,0,0,-0,-0,0
35.02,-0,0,0,-0,-0,0,0,0,0,-0,-0,0
35.04,0,0,0,-0,-0,0,0,0,0,-0,-0,0
35.06,0,0,0,-0,-0,0,0,0,0,-0,-0,0
35.08,0,0,0,-0,-0,0,0,0,0,-0,-0,0
35.1,0,0,0,-0,-0,0,0,0,0,-0,-0,0
35.12,0,0,-0,-0,-0,0,0,0,0,-0,-0,0
35.14,0,0,-0,-0,-0,0,0,0,0,-0,-0,0
35.16,0,0,-0,-0,-0,0,0,0,0,-0,-0,0
35.18,0,0,-0,-0,-0,0,0,0,0,-0,-0,0
35.2,0,0,-0,-0,-0,0,0,0,0,-0,-0,0
35.22,0,0,-0,0,0,-0,-0,0,-0,0,0,-0
35.24,0,0,-0,0,0,-0,-0,0,-0,0,0,-0
35.26,0,0,-0,0,0,-0,-0,0,-0,0,0,-0
35.28,0,0,-0,0,0,-0,-0,0,-0,0,0,-0
35.3,-0,0,-0,0,0,-0,-0,0,-0,0,0,-0
35.32,-0,0,-0,0,0,-0,-0,0,-0,0,0,-0
35.34,-0,0,-0,0,0,-0,-0,0,-0,0,0,-0
35.36,-0,0,-0,0,0,-0,-0,0,-0,0,0,-0
35.38,-0,0,-0,0,0,-0,-0,0,-0,0,0,-0
35.4,-0,0,0,0,0,-0,-0,0,-0,0,0,-0
35.42,-0,0,0,0,0,-0,-0,0,-0,0,0,-0
35.44,-0,0,0,0,0,-0,-0,0,-0,0,0,-0
35.46,-0,0,0,0,0,-0,-0,0,-0,0,0,-0
35.48,-0,0,0,0,0,-0,-0,0,-0,0,0,-0
35.5,-0,0,0,-0,-0,0,0,0,0,-0,-0,0
35.52,-0,0,0,-0,-0,0,0,0,0,-0,-0,0
35.54,-0,0,0,-0,-0,0,0,0,0,-0,-0,0
35.56,-0,0,0,-0,-0,0,0,0,0,-0,-0,0
35.58,0,0,0,-0,-0,0,0,0,0,-0,-0,0
35.6,0,0,0,-0,-0,0,0,0,0,-0,-0,0
35.62,0,0,0,-0,-0,0,0,0,0,-0,-0,0
35.64,0,0,0,-0,-0,0,0,0,0,-0,-0,0
35.66,0,0,-0,-0,-0,0,0,0,0,-0,-0,0
35.68,0,0,-0,-0,-0,0,0,0,0,-0,-0,0
35.7,0,0,-0,-0,-0,0,0,0,0,-0,-0,0
35.72,0,0,-0,-0,-0,0,0,0,0,-0,-0,0
35.74,0,0,-0,-0,-0,0,0,0,0,-0,-0,0
35.76,0,0,-0,-0,-0,0,0,0,0,-0,-0,0
35.78,0,0,-0,0,0,-0,-0,0,-0,0,0,-0
35.8,0,0,-0,0,0,-0,-0,0,-0,0,0,-0
35.82,0,0,-0,0,0,-0,-0,0,-0,0,0,-0
35.84,0,0,-0,0,0,-0,-0,0,-0,0,0,-0
35.86,-0,0,-0,0,0,-0,-0,0,-0,0,0,-0
35.88,-0,0,-0,0,0,-0,-0,0,-0,0,0,-0
35.9,-0,0,-0,0,0,-0,-0,0,-0,0,0,-0
35.92,-0,0,-0,0,0,-0,-0,0,-0,0,0,-0
35.94,-0,0,0,0,0,-0,-0,0,-0,0,0,-0
35.96,-0,0,0,0,0,-0,-0,0,-0,0,0,-0
35.98,-0,0,0,0,0,-0,-0,0,-0,0,0,-0
36,-0,0,0,0,0,-0,-0,0,-0,0,0,-0
36.02,-0,0,0,0,0,-0,-0,0,-0,0,0,-0
36.04,-0,0,0,0,0,-0,-0,0,-0,0,0,-0
36.06,-0,0,0,-0,-0,0,0,0,0,-0,-0,0
36.08,-0,0,0,-0,-0,0,0,0,0,-0,-0,0
36.1,-0,0,0,-0,-0,0,0,0,0,-0,-0,0
36.12,-0,0,0,-0,-0,0,0,0,0,-0,-0,0
36.14,0,0,0,-0,-0,0,0,0,0,-0,-0,0
36.16,0,0,0,-0,-0,0,0,0,0,-0,-0,0
36.18,0,0,0,-0,-0,0,0,0,0,-0,-0,0
36.2,0,0,0,-0,-0,0,0,0,0,-0,-0,0
36.22,0,0,-0,-0,-0,0,0,0,0,-0,-0,0
36.24,0,0,-0,-0,-0,0,0,0,0,-0,-0,0
36.26,0,0,-0,-0,-0,0,0,0,0,-0,-0,0
36.28,0,0,-0,-0,-0,0,0,0,0,-0,-0,0
36.3,0,0,-0,-0,-0,0,0,0,0,-0,-0,0
36.32,0,0,-0,-0,-0,0,0,0,0,-0,-0,0
36.34,0,0,-0,0,0,-0,-0,0,-0,0,0,-0
36.36,0,0,-0,0,0,-0,-0,0,-0,0,0,-0
36.38,0,0,-0,0,0,-0,-0,0,-0,0,0,-0
36.4,0,0,-0,0,0,-0,-0,0,-0,0,0,-0
36.42,-0,0,-0,0,0,-0,-0,0,-0,0,0,-0
36.44,-0,0,-0,0,0,-0,-0,0,-0,0,0,-0
36.46,-0,0,-0,0,0,-0,-0,0,-0,0,0,-0
36.48,-0,0,-0,0,0,-0,-0,0,-0,0,0,-0
36.5,-0,0,0,0,0,-0,-0,0,-0,0,0,-0
36.52,-0,0,0,0,0,-0,-0,0,-0,0,0,-0
36.54,-0,0,0,0,0,-0,-0,0,-0,0,0,-0
36.56,-0,0,0,0,0,-0,-0,0,-0,0,0,-0
36.58,-0,0,0,0,0,-0,-0,0,-0,0,0,-0
36.6,-0,0,0,0,0,-0,-0,0,-0,0,0,-0
36.62,-0,0,0,-0,-0,0,0,0,0,-0,-0,0
36.64,-0,0,0,-0,-0,0,0,0,0,-0,-0,0
36.66,-0,0,0,-0,-0,0,0,0,0,-0,-0,0
36.68,-0,0,0,-0,-0,0,0,0,0,-0,-0,0
36.7,0,0,0,-0,-0,0,0,0,0,-0,-0,0
36.72,0,0,0,-0,-0,0,0,0,0,-0,-0,0
36.74,0,0,0,-0,-0,0,0,0,0,-0,-0,0
36.76,0,0,0,-0,-0,0,0,0,0,-0,-0,0
36.78,0,0,-0,-0,-0,0,0,0,0,-0,-0,0
36.8,0,0,-0,-0,-0,0,0,0,0,-0,-0,0
36.82,0,0,-0,-0,-0,0,0,0,0,-0,-0,0
36.84,0,0,-0,-0,-0,0,0,0,0,-0,-0,0
36.86,0,0,-0,-0,-0,0,0,0,0,-0,-0,0
36.88,0,0,-0,-0,-0,0,0,0,0,-0,-0,0
36.9,0,0,-0,0,0,-0,-0,0,-0,0,0,-0
36.92,0,0,-0,0,0,-0,-0,0,-0,0,0,-0
36.94,0,0,-0,0,0,-0,-0,0,-0,0,0,-0
36.96,0,0,-0,0,0,-0,-0,0,-0,0,0,-0
36.98,-0,0,-0,0,0,-0,-0,0,-0,0,0,-0
37,-0,0,-0,0,0,-0,-0,0,-0,0,0,-0
37.02,-0,0,-0,0,0,-0,-0,0,-0,0,0,-0
37.04,-0,0,-0,0,0,-0,-0,0,-0,0,0,-0
37.06,-0,0,0,0,0,-0,-0,0,-0,0,0,-0
37.08,-0,0,0,0,0,-0,-0,0,-0,0,0,-0
37.1,-0,0,0,0,0,-0,-0,0,-0,0,0,-0
37.12,-0,0,0,0,0,-0,-0,0,-0,0,0,-0
37.14,-0,0,0,0,0,-0,-0,0,-0,0,0,-0
37.16,-0,0,0,0,0,-0,-0,0,-0,0,0,-0
37.18,-0,0,0,-0,-0,0,0,0,0,-0,-0,0
37.2,-0,0,0,-0,-0,0,0,0,0,-0,-0,0
37.22,-0,0,0,-0,-0,0,0,0,0,-0,-0,0
37.24,-0,0,0,-0,-0,0,0,0,0,-0,-0,0
37.26,0,0,0,-0,-0,0,0,0,0,-0,-0,0
37.28,0,0,0,-0,-0,0,0,0,0,-0,-0,0
37.3,0,0,0,-0,-0,0,0,0,0,-0,-0,0
37.32,0,0,0,-0,-0,0,0,0,0,-0,-0,0
37.34,0,0,-0,-0,-0,0,0,0,0,-0,-0,0
37.36,0,0,-0,-0,-0,0,0,0,0,-0,-0,0
37.38,0,0,-0,-0,-0,0,0,0,0,-0,-0,0
37.4,0,0,-0,-0,-0,0,0,0,0,-0,-0,0
37.42,0,0,-0,-0,-0,0,0,0,0,-0,-0,0
37.44,0,0,-0,-0,-0,0,0,0,0,-0,-0,0
37.46,0,0,-0,0,0,-0,-0,0,-0,0,0,-0
37.48,0,0,-0,0,0,-0,-0,0,-0,0,0,-0
37.5,0,0,-0,0,0,-0,-0,0,-0,0,0,-0
37.52,0,0,-0,0,0,-0,-0,0,-0,0,0,-0
37.54,-0,0,-0,0,0,-0,-0,0,-0,0,0,-0
37.56,-0,0,-0,0,0,-0,-0,0,-0,0,0,-0
37.58,-0,0,-0,0,0,-0,-0,0,-0,0,0,-0
37.6,-0,0,-0,0,0,-0,-0,0,-0,0,0,-0
37.62,-0,0,0,0,0,-0,-0,0,-0,0,0,-0
37.64,-0,0,0,0,0,-0,-0,0,-0,0,0,-0
37.66,-0,0,0,0,0,-0,-0,0,-0,0,0,-0
37.68,-0,0,0,0,0,-0,-0,0,-0,0,0,-0
37.7,-0,0,0,0,0,-0,-0,0,-0,0,0,-0
37.72,-0,0,0,0,0,-0,-0,0,-0,0,0,-0
37.74,-0,0,0,-0,-0,0,0,0,0,-0,-0,0
37.76,-0,0,0,-0,-0,0,0,0,0,-0,-0,0
37.78,-0,0,0,-0,-0,0,0,0,0,-0,-0,0
37.8,-0,0,0,-0,-0,0,0,0,0,-0,-0,0
37.82,0,0,0,-0,-0,0,0,0,0,-0,-0,0
37.84,0,0,0,-0,-0,0,0,0,0,-0,-0,0
37.86,0,0,0,-0,-0,0,0,0,0,-0,-0,0
37.88,0,0,0,-0,-0,0,0,0,0,-0,-0,0
37.9,0,0,-0,-0,-0,0,0,0,0,-0,-0,0
37.92,0,0,-0,-0,-0,0,0,0,0,-0,-0,0
37.94,0,0,-0,-0,-0,0,0,0,0,-0,-0,0
37.96,0,0,-0,-0,-0,0,0,0,0,-0,-0,0
37.98,0,0,-0,-0,-0,0,0,0,0,-0,-0,0
38,0,0,-0,-0,0,0,0,0,0,-0,-0,0
38.02,0,0,-0,0,0,-0,-0,0,-0,0,0,-0
38.04,0,0,-0,0,0,-0,-0,0,-0,0,0,-0
38.06,0,0,-0,0,0,-0,-0,0,-0,0,0,-0
38.08,0,0,-0,0,0,-0,-0,0,-0,0,0,-0
38.1,-0,0,-0,0,0,-0,-0,0,-0,0,0,-0
38.12,-0,0,-0,0,0,-0,-0,0,-0,0,0,-0
38.14,-0,0,-0,0,0,-0,-0,0,-0,0,0,-0
38.16,-0,0,-0,0,0,-0,-0,0,-0,0,0,-0
38.18,-0,0,0,0,0,-0,-0,0,-0,0,0,-0
38.2,-0,0,0,0,0,-0,-0,0,-0,0,0,-0
38.22,-0,0,0,0,0,-0,-0,0,-0,0,0,-0
38.24,-0,0,0,0,0,-0,-0,0,-0,0,0,-0
38.26,-0,0,0,0,0,-0,-0,0,-0,0,0,-0
38.28,-0,0,0,0,-0,-0,-0,0,-0,0,0,-0
38.3,-0,0,0,-0,-0,0,0,0,0,-0,-0,0
38.32,-0,0,0,-0,-0,0,0,0,0,-0,-0,0
38.34,-0,0,0,-0,-0,0,0,0,0,-0,-0,0
38.36,-0,0,0,-0,-0,0,0,0,0,-0,-0,0
38.38,0,0,0,-0,-0,0,0,0,0,-0,-0,0
38.4,0,0,0,-0,-0,0,0,0,0,-0,-0,0
38.42,0,0,0,-0,-0,0,0,0,0,-0,-0,0
38.44,0,0,0,-0,-0,0,0,0,0,-0,-0,0
38.46,0,0,-0,-0,-0,0,0,0,0,-0,-0,0
38.48,0,0,-0,-0,-0,0,0,0,0,-0,-0,0
38.5,0,0,-0,-0,-0,0,0,0,0,-0,-0,0
38.52,0,0,-0,-0,-0,0,0,0,0,-0,-0,0
38.54,0,0,-0,-0,-0,0,0,0,0,-0,-0,0
38.56,0,0,-0,0,0,-0,-0,0,-0,0,0,-0
38.58,0,0,-0,0,0,-0,-0,0,-0,0,0,-0
38.6,0,0,-0,0,0,-0,-0,0,-0,0,0,-0
38.62,0,0,-0,0,0,-0,-0,0,-0,0,0,-0
38.64,-0,0,-0,0,0,-0,-0,0,-0,0,0,-0
38.66,-0,0,-0,0,0,-0,-0,0,-0,0,0,-0
38.68,-0,0,-0,0,0,-0,-0,0,-0,0,0,-0
38.7,-0,0,-0,0,0,-0,-0,0,-0,0,0,-0
38.72,-0,0,-0,0,0,-0,-0,0,-0,0,0,-0
38.74,-0,0,0,0,0,-0,-0,0,-0,0,0,-0
38.76,-0,0,0,0,0,-0,-0,0,-0,0,0,-0
38.78,-0,0,0,0,0,-0,-0,0,-0,0,0,-0
38.8,-0,0,0,0,0,-0,-0,0,-0,0,0,-0
38.82,-0,0,0,0,0,-0,-0,0,-0,0,0,-0
38.84,-0,0,0,-0,-0,0,0,0,0,-0,-0,0
38.86,-0,0,0,-0,-0,0,0,0,0,-0,-0,0
38.88,-0,0,0,-0,-0,0,0,0,0,-0,-0,0
38.9,-0,0,0,-0,-0,0,0,0,0,-0,-0,0
38.92,0,0,0,-0,-0,0,0,0,0,-0,-0,0
38.94,0,0,0,-0,-0,0,0,0,0,-0,-0,0
38.96,0,0,0,-0,-0,0,0,0,0,-0,-0,0
38.98,0,0,0,-0,-0,0,0,0,0,-0,-0,0
39,0,0,-0,-0,-0,0,0,0,0,-0,-0,0
